User1,User2,Date_started,Duration,Theme
User_547,User_1093,2023-03-18 17:22:48,14,Maintain TV research drive arrive analysis.
User_985,User_170,2022-07-01 15:33:09,18,Assume thing themselves marriage suddenly around.
User_629,User_860,2021-11-20 10:49:18,56,Author summer inside for truth.
User_243,User_762,2020-09-22 23:04:49,61,Store arm win risk.
User_416,User_590,2021-10-20 13:21:35,55,Heart business girl garden turn receive someone.
User_190,User_126,2023-08-05 03:48:52,59,Push movie need skill color.
User_306,User_89,2023-09-06 08:47:43,85,Its scene body game.
User_998,User_521,2023-05-23 16:14:53,28,Tv research foreign their.
User_1161,User_823,2023-08-15 18:56:35,67,Third will west.
User_511,User_1165,2023-08-25 22:56:52,53,Thus here service turn.
User_589,User_455,2024-04-06 06:50:41,48,Third later loss part that win feel.
User_426,User_1220,2021-05-16 15:06:23,89,And indicate inside her manage conference another.
User_35,User_252,2021-12-27 04:10:45,6,Sport professional risk cultural around mean father.
User_209,User_164,2020-12-10 19:08:23,14,Sign rate Congress community American attack.
User_668,User_872,2020-08-16 13:54:39,59,Model develop onto shake page.
User_25,User_851,2021-10-11 00:29:06,43,Relate wait as example entire.
User_1222,User_386,2020-05-14 05:10:48,62,Reveal suggest painting stage both office turn.
User_604,User_444,2023-12-26 21:12:42,23,Push my instead their free explain.
User_955,User_577,2020-05-28 17:45:55,27,Glass much part billion present measure nothing.
User_35,User_251,2022-11-22 20:57:46,100,Outside evidence garden many need.
User_743,User_519,2020-04-17 18:43:02,53,Per dark professor marriage.
User_89,User_656,2021-06-10 23:59:12,53,Develop real several yeah unit close attack.
User_1152,User_1155,2023-07-06 11:00:07,100,Care program standard interview me.
User_535,User_616,2023-12-11 22:41:15,63,Common evidence behavior out gas fine democratic.
User_1193,User_1048,2021-07-01 05:29:03,9,Else production dog despite process reality parent.
User_852,User_33,2023-07-29 14:28:10,88,Notice prove attorney dinner couple page.
User_741,User_811,2020-12-09 10:17:23,99,Bit will exactly teacher bed so.
User_559,User_965,2020-08-29 18:49:58,11,Instead front specific front center born.
User_389,User_555,2020-05-03 11:48:14,19,Sing least reflect the quickly approach miss.
User_743,User_550,2020-08-03 13:03:22,33,Sport smile partner idea determine thing third.
User_889,User_10,2021-05-14 14:42:15,82,Something west best.
User_1161,User_983,2020-01-30 16:27:16,44,Bit different somebody country.
User_250,User_672,2023-06-20 05:25:39,45,Resource bit brother strategy send senior various.
User_1002,User_570,2022-10-24 10:27:59,91,Often company author store discussion quite.
User_1243,User_595,2022-08-31 04:01:06,37,Organization there explain thing hand tax service.
User_1027,User_165,2020-04-27 11:12:48,29,Structure year number Mr good military result.
User_133,User_1178,2023-01-12 15:25:50,24,Just style team into face hand color.
User_296,User_654,2021-12-27 07:01:45,42,Change finish hard about learn send majority tree.
User_89,User_113,2023-07-26 15:40:17,29,Not human TV stage share green.
User_482,User_913,2020-02-27 11:28:47,48,Property couple play.
User_763,User_245,2023-10-24 09:54:46,64,Throw social yet space hair assume run either.
User_110,User_603,2020-02-05 10:05:57,97,State performance method address building skin.
User_750,User_569,2023-12-26 22:22:22,23,Medical pick wind chance his drive suggest.
User_1208,User_782,2022-09-19 12:34:48,38,Agent throw bad garden.
User_387,User_523,2022-08-14 04:13:43,53,Another claim vote development right magazine.
User_87,User_658,2021-02-23 02:36:04,54,Born knowledge necessary every summer still right.
User_477,User_311,2020-04-27 03:54:11,13,Customer when suddenly oil hope wife.
User_174,User_988,2022-04-06 11:37:22,91,Court national technology place.
User_907,User_419,2020-06-17 07:03:53,2,List situation purpose other.
User_1156,User_1231,2022-05-20 21:58:30,49,Anything report indeed study TV.
User_451,User_497,2020-10-25 20:10:26,16,Need light after to truth.
User_95,User_792,2023-06-26 20:21:28,88,Serious skin of enjoy water.
User_101,User_531,2020-08-22 06:08:00,54,Mind whose politics foot.
User_565,User_69,2022-03-17 09:48:55,42,Meet art alone run land.
User_981,User_1147,2021-05-22 12:16:42,91,Visit herself big simply before beautiful sometimes.
User_1081,User_890,2022-05-28 14:21:01,74,Style top other rich.
User_493,User_667,2020-04-16 19:25:48,85,Produce sound if authority.
User_1086,User_485,2021-07-22 09:51:10,27,Collection nice under.
User_1249,User_90,2020-11-01 01:02:23,23,Bad look employee top offer avoid.
User_54,User_789,2023-08-16 01:28:58,61,Vote however daughter.
User_383,User_125,2023-12-06 08:16:24,21,College least door example mean again part best.
User_431,User_575,2024-01-30 10:04:37,14,Create require sign sell.
User_50,User_232,2021-03-03 12:58:03,80,Past stand remember pay student.
User_1217,User_775,2022-10-17 01:47:25,62,Rather up same cut any television.
User_1179,User_362,2022-10-01 02:32:42,40,Machine condition activity culture.
User_298,User_617,2021-05-19 05:50:33,57,Player write amount alone.
User_951,User_202,2020-09-18 15:06:10,54,Third subject certainly then show whom region.
User_445,User_566,2023-07-14 23:21:36,8,Employee foot often heavy see reveal might feeling.
User_848,User_989,2023-05-07 10:19:17,56,Close dog sense commercial then.
User_239,User_688,2024-02-02 12:34:42,44,Together improve program quite call.
User_1201,User_112,2021-06-28 13:25:08,51,Tax information your good of point point.
User_130,User_603,2020-03-14 04:34:36,32,Good very answer more son billion.
User_207,User_125,2021-08-30 13:20:31,66,Skin station late.
User_464,User_704,2024-04-02 13:32:24,77,Inside response commercial huge western.
User_10,User_983,2023-09-29 23:05:17,33,Green team candidate news he source go ok.
User_420,User_817,2022-06-02 20:16:19,47,Wonder left defense sign adult sense.
User_168,User_1001,2022-08-15 08:14:46,95,Stuff course page.
User_389,User_948,2022-12-07 22:08:39,77,Right pretty sometimes defense century discover production.
User_937,User_690,2022-08-30 04:30:24,10,Air happen buy its prepare.
User_753,User_945,2022-05-06 09:00:49,26,Red Democrat color rest material.
User_469,User_305,2024-01-27 03:53:31,66,Discussion indicate voice report kid power.
User_789,User_1186,2023-06-07 01:01:48,65,Necessary spend throw.
User_696,User_1036,2022-03-29 06:40:59,23,Personal campaign develop move building number.
User_982,User_498,2021-10-07 03:32:35,51,Quickly process ago talk.
User_1065,User_519,2020-05-18 13:13:55,50,Cup teacher teach ask apply behind customer outside.
User_155,User_589,2021-07-20 08:07:04,60,So far cold goal protect son compare.
User_938,User_485,2023-06-24 00:52:25,61,Simple American line adult source where worry.
User_145,User_584,2020-08-28 13:33:36,6,Because attorney remain goal tax improve toward.
User_783,User_692,2020-05-14 20:02:22,21,Away pressure dream significant especially newspaper.
User_1180,User_1067,2023-10-19 18:37:29,4,Thing sometimes property market far theory.
User_644,User_66,2023-04-22 02:41:53,58,Physical building a election believe eye fill in.
User_928,User_778,2022-12-08 00:32:47,13,Make property guess put group art.
User_1174,User_802,2022-10-05 05:44:39,6,Simple society between police church also tonight.
User_379,User_511,2021-07-14 08:22:13,100,Option require their near western onto.
User_401,User_352,2022-12-28 00:08:02,64,Support parent audience clear money impact tend.
User_570,User_151,2020-03-21 01:19:05,10,She play stand evening your.
User_263,User_142,2021-02-08 10:08:35,98,Design page seat pretty change read.
User_507,User_607,2020-07-23 06:54:56,4,Join ok class life five nice mean.
User_536,User_907,2023-05-19 08:23:48,36,From particular enough ago listen apply.
User_470,User_17,2022-01-04 07:28:36,87,Board grow great how image range security.
User_863,User_506,2021-09-01 19:56:49,18,Entire site development need television you send.
User_448,User_1144,2022-04-07 08:50:24,77,Meeting life his young design black.
User_231,User_910,2023-08-23 09:35:39,60,Wonder find quickly product seem.
User_640,User_467,2020-02-14 07:50:34,84,Home people of actually behavior from.
User_905,User_680,2022-03-22 06:30:48,83,Such understand wife per watch.
User_875,User_880,2023-06-14 02:46:04,61,Those history term hair admit.
User_225,User_304,2024-01-20 03:38:17,35,Middle suggest hold relationship.
User_722,User_883,2021-09-04 08:03:26,83,Image strategy structure chair.
User_883,User_799,2020-10-22 23:02:54,94,Yet first natural Republican positive president ever.
User_967,User_175,2023-12-10 20:27:40,46,You keep week look size.
User_563,User_1138,2024-03-16 17:32:28,62,Long foot game relationship want beat.
User_837,User_622,2020-06-28 03:14:38,62,Continue physical we.
User_1136,User_609,2023-06-11 20:05:20,91,Lose central research important.
User_582,User_855,2022-07-26 05:54:53,45,Music on out.
User_920,User_1199,2023-05-17 19:22:11,88,Interview tonight land gas individual grow.
User_940,User_418,2024-01-04 18:18:51,31,Value organization piece thousand without too.
User_484,User_331,2020-10-17 09:54:03,41,Whose pretty card decide wonder establish Mrs.
User_833,User_771,2023-10-02 15:23:35,20,Give base behavior score.
User_1195,User_822,2021-04-21 01:36:33,9,Fish continue recognize line nature international far beautiful.
User_855,User_18,2024-02-18 12:25:22,18,Decision policy that red rule.
User_448,User_1244,2023-03-26 17:00:00,78,Possible soldier state garden listen.
User_688,User_239,2021-01-04 15:45:20,55,Executive bank them fire.
User_267,User_403,2020-06-16 23:23:18,54,Cell side difference rule bed.
User_896,User_393,2021-07-08 00:22:24,46,Staff TV issue none soon sell senior.
User_532,User_578,2021-11-17 16:34:56,66,Expect door human finally gun anyone.
User_375,User_393,2024-02-10 23:28:57,91,Home determine turn member.
User_83,User_528,2023-05-19 01:40:49,20,There property these draw thought.
User_712,User_567,2024-01-08 14:32:08,23,Nice may agent late sister however.
User_438,User_412,2020-10-05 15:27:43,5,Available increase civil good.
User_124,User_591,2023-02-23 19:12:31,86,Allow tonight under others.
User_540,User_377,2020-01-22 11:27:08,88,Politics push form could.
User_600,User_435,2021-12-10 06:44:21,7,Green ago large century son employee tough.
User_449,User_431,2022-04-17 06:57:21,75,South stock poor church air.
User_417,User_489,2022-08-05 22:12:09,61,First give community attention.
User_425,User_437,2021-02-25 02:55:13,4,Church present glass check system.
User_67,User_1190,2021-10-20 22:25:05,21,Ago operation various child current sense school move.
User_442,User_729,2020-06-12 11:45:24,36,Image bank race know amount.
User_98,User_977,2022-02-06 00:33:57,99,How late job chance hour whose.
User_1023,User_675,2021-02-12 10:01:53,70,Newspaper family before religious.
User_356,User_760,2021-01-30 09:16:20,39,Appear central price project if.
User_539,User_93,2022-06-27 22:06:44,72,Scene final traditional brother he play fight effect.
User_96,User_275,2023-04-26 18:21:46,37,Green few could hard thousand.
User_163,User_1117,2021-07-05 04:42:42,1,Thus organization example east service.
User_1038,User_354,2020-07-19 06:53:38,86,Grow off cut kid fire.
User_314,User_34,2020-01-06 13:19:01,38,Should young tend difficult defense two.
User_71,User_83,2020-09-09 13:17:56,71,Cup money set mission only town.
User_1094,User_1060,2021-07-23 13:53:17,42,To stand human decade poor tree kitchen type.
User_250,User_1107,2023-01-16 05:42:27,56,Now simply think attack five forget.
User_1032,User_1192,2022-05-07 09:11:02,89,Fire light year cold where check.
User_335,User_1118,2021-08-16 08:24:45,48,Live heart great discuss turn part call drug.
User_253,User_743,2021-05-29 06:27:33,54,Image according gun else either front.
User_661,User_34,2020-03-12 08:35:43,72,Sing baby choice born.
User_831,User_407,2022-03-19 09:23:41,9,Assume present gun turn.
User_528,User_587,2022-12-07 11:23:42,4,Maybe too too crime senior during hand.
User_1135,User_718,2023-04-02 11:09:00,63,There important buy citizen early method manager.
User_522,User_1111,2023-01-26 11:44:23,57,Few might say behind maybe parent firm.
User_677,User_415,2020-10-27 01:04:10,46,Almost run try task.
User_458,User_717,2020-09-14 08:59:26,2,Available table somebody task recognize discover.
User_1232,User_650,2023-07-29 03:05:30,40,Goal everybody happen computer color.
User_1085,User_417,2022-04-28 08:45:28,92,Them million so game recent beat quite.
User_847,User_128,2023-05-22 23:33:29,55,Peace wife personal hundred nice perhaps.
User_177,User_795,2021-02-02 12:15:45,58,Worry couple charge finish remember.
User_490,User_192,2021-12-21 06:46:33,4,Once miss report claim.
User_940,User_174,2022-06-11 03:55:22,75,Knowledge record eight.
User_55,User_468,2021-12-30 14:25:39,96,Kind happen feeling establish simple it design cover.
User_252,User_26,2023-06-26 10:12:33,11,Some then often among.
User_1209,User_172,2020-09-08 20:27:34,21,So kid have commercial hot.
User_876,User_525,2021-10-02 00:37:01,1,Writer vote operation man might particular.
User_748,User_530,2021-09-19 04:45:03,65,Industry skill Congress work sign account.
User_210,User_676,2023-04-23 14:04:44,69,Lose if walk attack push computer cause.
User_498,User_1031,2021-12-20 19:22:30,28,How final yes character idea military offer.
User_25,User_750,2021-03-12 12:23:08,80,According official yeah.
User_653,User_536,2021-06-19 20:25:03,58,Mouth much career item among house talk.
User_268,User_0,2020-02-23 13:17:19,2,Parent I price force item people point.
User_332,User_838,2020-11-24 19:55:38,32,Man its purpose resource task development.
User_995,User_1004,2023-11-12 23:13:55,40,Seek color institution radio.
User_473,User_729,2022-10-17 14:32:09,35,Provide may better pressure action this seem.
User_840,User_1013,2022-12-27 20:37:15,48,Establish get risk store human accept.
User_367,User_399,2023-01-31 14:02:26,1,Young reality present agent free paper power.
User_774,User_105,2021-04-20 22:35:37,82,Including where nearly hot reveal back.
User_906,User_359,2020-02-29 21:27:30,62,Point direction should state reflect.
User_620,User_7,2022-01-25 10:24:25,5,Approach pay enjoy.
User_945,User_432,2023-05-07 01:02:28,74,Away positive writer door choose trip.
User_507,User_278,2022-04-19 22:50:26,96,Stock behind wish international within picture cover.
User_1213,User_434,2023-01-21 05:59:22,73,Bar right program show source can build.
User_1151,User_577,2024-01-24 04:14:12,61,Suggest situation onto away role prevent.
User_736,User_1023,2022-08-22 22:55:42,37,Describe foreign service truth feel measure information where.
User_364,User_137,2022-07-27 10:08:10,62,Agent war production.
User_1061,User_388,2022-11-18 08:44:41,6,Major or culture many of.
User_218,User_1015,2021-07-25 17:03:50,42,Friend stand state fire word up significant oil.
User_443,User_998,2021-08-25 03:57:28,80,Least yourself skin interesting response glass.
User_1153,User_631,2020-05-17 23:37:54,83,Want produce available answer with soon successful.
User_1169,User_86,2022-03-20 14:52:06,9,New city total hear center prove.
User_91,User_1056,2021-10-28 11:46:01,84,Low always director.
User_1024,User_262,2020-04-14 04:35:33,60,Development build learn agree design easy eight health.
User_235,User_16,2020-08-22 11:09:12,70,Around single me organization room bill.
User_692,User_264,2022-03-03 13:45:43,67,Kid director coach onto major imagine.
User_1048,User_56,2020-11-21 22:17:42,69,Hand chair while probably base example.
User_1037,User_50,2022-04-29 16:26:31,13,Community test reflect bill deep.
User_1092,User_42,2020-08-18 23:13:48,89,Receive assume Mrs under.
User_566,User_162,2020-12-14 08:27:27,62,Foreign keep buy including identify cultural.
User_1176,User_128,2022-01-14 10:48:10,3,Kind go very foreign career movement.
User_1021,User_169,2022-02-28 16:45:12,30,National boy reach country authority figure.
User_1115,User_544,2024-03-25 00:40:13,13,Treat by describe major grow fight career.
User_255,User_84,2022-04-27 10:02:07,64,Light often trial.
User_1182,User_754,2021-02-23 23:38:59,70,Appear sense or prepare beyond sense national.
User_157,User_226,2020-04-26 19:26:17,57,Senior cause significant.
User_327,User_590,2023-07-17 06:10:33,33,Magazine accept central director minute it.
User_880,User_1048,2021-05-28 20:37:21,95,Always season term dark final.
User_695,User_194,2023-03-09 17:45:57,13,Food product professional try himself serious so day.
User_96,User_778,2022-03-19 18:17:08,40,Always yeah away.
User_95,User_597,2020-08-23 16:48:03,26,Conference capital family member mean doctor glass.
User_134,User_778,2021-02-16 02:36:41,80,Rate conference fast decade.
User_81,User_392,2022-09-17 22:21:09,44,Foreign real across condition.
User_1039,User_673,2022-08-31 19:22:14,72,Say radio beautiful newspaper matter policy if.
User_503,User_270,2020-07-02 16:11:11,30,Half movie suggest defense behind home manager.
User_976,User_408,2022-02-15 18:27:23,31,Civil realize democratic land like behavior improve.
User_385,User_909,2022-10-16 23:10:46,62,Experience speech cell also police.
User_548,User_750,2022-06-24 21:35:46,32,Mean single arm.
User_800,User_1076,2020-03-09 13:26:24,93,Song see industry structure performance two meeting.
User_574,User_590,2022-03-09 02:24:16,51,Under amount piece lead common us.
User_53,User_857,2024-03-17 12:22:52,26,Outside better he main theory.
User_267,User_115,2022-03-27 16:24:28,44,Course should collection affect support rate property.
User_982,User_660,2020-02-10 16:45:25,40,Age score later.
User_515,User_934,2023-01-31 03:47:12,54,Across eye shake event develop what bit cell.
User_155,User_689,2024-01-16 05:16:32,6,Perhaps through continue share.
User_413,User_1238,2024-01-28 20:42:09,14,Theory want seek during imagine loss concern fact.
User_748,User_1227,2020-12-29 04:02:30,11,Manage become degree always often defense important.
User_976,User_524,2022-05-15 14:55:39,99,Beat gun chance box drop whatever create.
User_590,User_715,2021-01-09 17:36:33,6,Next admit suggest politics.
User_1046,User_682,2020-12-25 06:58:20,21,Drive design read service measure.
User_849,User_155,2022-02-04 07:51:07,18,According positive knowledge especially claim.
User_432,User_849,2024-03-13 06:24:07,85,Yet hotel actually throughout beautiful.
User_402,User_89,2022-11-28 04:12:22,43,Range tonight either agent information.
User_677,User_72,2020-07-28 07:44:54,16,Material management service put.
User_1029,User_876,2023-08-30 16:30:55,77,News sea charge two smile result air.
User_818,User_1073,2023-09-17 01:25:06,24,Important some challenge event meet.
User_1175,User_1121,2022-03-19 17:44:15,27,Set trade else sport since per collection quickly.
User_715,User_1001,2021-05-12 08:29:20,19,Hot different say garden nice.
User_260,User_1246,2020-05-14 13:44:33,2,Hair stop bad why lay husband dinner arrive.
User_1245,User_1025,2022-12-01 11:37:58,5,Choose physical institution stock.
User_10,User_726,2023-06-10 17:27:39,24,Support task whatever door.
User_809,User_270,2023-07-08 23:48:36,98,Crime direction imagine become.
User_1086,User_1209,2020-05-10 17:28:32,67,Surface thousand central expert according fish major room.
User_526,User_1231,2022-06-23 04:27:46,64,Ten edge most ok husband audience.
User_193,User_1195,2023-05-31 07:51:08,98,Board treat other.
User_455,User_921,2022-10-07 18:18:42,87,Say nature single there response by bad how.
User_1072,User_404,2021-09-09 04:24:39,25,Send wonder change ready church.
User_522,User_546,2020-05-29 07:16:09,63,Clearly live water base actually car fear.
User_888,User_1175,2023-01-15 16:18:07,29,Give choice find create follow.
User_151,User_912,2020-12-30 21:49:17,15,Argue event see different phone know.
User_103,User_808,2022-01-05 16:16:21,99,Create join much artist adult if.
User_1124,User_550,2020-09-06 20:18:17,52,Throw four across seek hotel cover list computer.
User_1134,User_1030,2020-08-23 00:43:08,25,Idea factor event dinner group occur politics.
User_623,User_791,2021-10-31 02:22:59,10,Consumer work ahead.
User_913,User_762,2021-12-11 00:01:56,45,Daughter line represent from official indicate.
User_203,User_565,2021-02-20 17:22:01,40,Federal employee performance close in manage.
User_494,User_983,2021-04-05 05:39:59,23,She election exist arm.
User_1225,User_863,2020-06-03 13:50:03,48,Including production impact teach class no second.
User_1134,User_651,2021-07-22 18:43:38,28,History significant billion one help charge.
User_649,User_473,2022-08-18 00:22:37,37,Case state PM like exist any discover I.
User_393,User_745,2024-03-19 07:29:45,43,Meeting nearly exactly.
User_846,User_1174,2021-01-04 19:55:45,61,Little prepare finally camera candidate production organization.
User_1150,User_109,2020-03-02 12:46:01,55,Author people investment mouth coach teach.
User_803,User_18,2022-08-18 15:13:20,96,They red store billion from.
User_1081,User_750,2023-01-01 17:07:36,67,Billion know technology mother.
User_724,User_813,2023-01-07 06:55:12,78,Each as cost return son resource nice.
User_782,User_83,2023-12-01 16:40:03,49,Benefit treatment more opportunity about hot season five.
User_806,User_631,2021-05-12 13:54:04,54,Skin whole fight actually.
User_164,User_421,2021-12-04 17:07:18,95,Figure piece age agent.
User_703,User_162,2023-05-06 23:15:09,1,Fight per fight leg small civil meeting.
User_682,User_1076,2024-03-24 03:05:50,94,Wait turn thousand study either huge world.
User_918,User_497,2020-02-20 01:53:10,9,Strategy talk mouth computer meeting no idea.
User_648,User_1184,2021-11-29 15:08:14,56,Think I by.
User_826,User_204,2020-08-28 05:42:45,22,Property ten simply sense.
User_1027,User_1206,2023-08-17 17:30:35,91,Explain reality rich him claim.
User_652,User_1234,2022-09-02 11:42:23,40,Control if every forward cause can.
User_735,User_1054,2023-02-13 12:08:39,46,What reality tree interest break your.
User_819,User_665,2020-03-05 04:32:55,57,Morning family tree step particularly series.
User_894,User_629,2020-07-23 05:41:45,38,Street its song bill federal space father.
User_461,User_902,2020-08-08 06:03:56,39,Field relationship relationship phone.
User_790,User_1031,2020-02-01 02:57:34,11,Catch available city mouth.
User_52,User_321,2023-08-31 21:12:31,64,One quite laugh friend challenge son future.
User_31,User_1060,2020-11-04 18:38:24,33,Site happen born finish central state something.
User_176,User_1064,2022-01-23 20:45:05,16,Population audience present when model standard thing.
User_917,User_323,2020-01-08 13:17:38,14,Protect human someone act run open us.
User_11,User_1072,2020-09-03 11:02:13,15,Rock bed past answer any word term.
User_1030,User_1186,2020-04-03 15:37:56,70,Site thus item that again.
User_152,User_451,2022-04-01 00:52:32,16,Card draw member provide buy somebody economic.
User_873,User_485,2022-04-18 14:10:17,53,Moment feeling go voice senior film.
User_656,User_986,2021-09-08 02:51:19,47,Interest less risk player science wear ability art.
User_960,User_491,2021-03-31 10:22:21,97,Doctor care mission film industry effect.
User_437,User_1142,2023-07-14 18:40:27,26,State only stage deal accept real.
User_183,User_1212,2023-11-20 17:25:56,68,Probably summer recognize reduce laugh must my paper.
User_1124,User_738,2023-06-09 10:21:42,64,Not door test keep player.
User_467,User_431,2021-08-09 10:46:30,78,Interview election them point security.
User_425,User_590,2021-03-17 10:18:50,52,Many future born bag do major ever.
User_80,User_597,2024-03-27 04:58:34,63,Now our interview radio message kid truth growth.
User_1014,User_124,2021-12-11 13:20:16,85,Understand attorney boy reflect author fine foot.
User_562,User_80,2020-04-05 02:45:00,43,Fund back floor top similar red.
User_1043,User_222,2023-01-06 18:16:25,96,Friend left lay throw nothing.
User_1174,User_896,2020-08-13 20:53:01,4,Draw of usually best fear medical foot finish.
User_832,User_651,2021-07-21 01:17:12,79,Stuff firm should door have explain start.
User_507,User_687,2021-05-19 08:58:12,98,Answer just born fund.
User_1181,User_1216,2021-07-26 14:18:41,94,Mr music election off five exist.
User_866,User_1046,2022-05-24 20:12:32,15,Kid every notice summer live.
User_386,User_454,2024-02-14 12:47:38,35,Term off himself especially option tend those.
User_431,User_693,2022-10-12 07:34:42,24,Perform answer all from theory half.
User_225,User_678,2022-07-16 02:46:16,6,Alone management want difference for unit worry picture.
User_33,User_927,2024-02-23 12:53:30,69,Region step black list mouth.
User_476,User_165,2021-01-23 13:38:35,37,Look star simple agent spring why.
User_321,User_441,2023-08-08 04:25:52,74,Process party point where.
User_422,User_354,2022-05-14 00:13:38,50,No push knowledge experience real season.
User_1000,User_403,2023-09-26 03:07:24,15,Entire its my describe conference final.
User_910,User_637,2023-02-23 11:04:40,20,Walk once special since family.
User_1185,User_38,2022-05-17 15:27:46,91,Most health herself yourself close.
User_916,User_765,2023-02-07 21:24:07,30,Down threat level behind give determine someone.
User_802,User_1008,2020-03-17 19:57:25,18,Tree subject answer front detail.
User_953,User_152,2021-04-22 05:11:47,48,Place onto bag happy.
User_354,User_551,2022-07-16 12:56:08,37,Bill space office other record.
User_7,User_547,2021-12-14 05:02:30,1,Left occur PM fish possible room bank.
User_65,User_1124,2021-09-02 08:27:22,53,Wife great goal unit clearly usually and including.
User_627,User_819,2021-08-18 09:42:36,76,Seem require local miss hospital create.
User_1237,User_618,2023-08-29 20:09:47,34,Tell debate you court you kitchen indicate none.
User_726,User_593,2021-03-14 01:00:59,47,About fill agency.
User_332,User_1116,2020-05-17 12:45:06,63,Piece follow market light.
User_532,User_831,2022-05-04 21:04:42,29,Simple occur fund picture.
User_848,User_810,2023-07-21 03:32:19,31,Claim according practice society final difficult.
User_177,User_222,2021-10-30 03:12:51,63,Thought if speak enough someone here.
User_965,User_770,2023-07-03 11:31:55,36,Sea author account west drop full.
User_279,User_328,2020-06-21 16:18:30,28,What Mr several adult war.
User_176,User_654,2023-06-01 20:41:45,55,Store along stop similar.
User_956,User_1173,2021-02-13 20:26:09,3,Decide page remain increase heart lose.
User_974,User_640,2021-07-01 10:08:36,24,Still window tough rich raise.
User_947,User_1048,2021-07-16 09:10:06,83,Sure source civil visit off.
User_368,User_282,2023-07-24 06:07:05,12,Final mind listen arrive concern.
User_1154,User_705,2021-12-09 00:21:05,95,Bad eye under look area response.
User_594,User_49,2021-01-14 01:42:38,93,Yet land nearly perform.
User_223,User_176,2021-01-13 18:22:15,75,Week attention nearly official personal expect.
User_175,User_628,2022-07-17 21:28:47,39,And rate available affect practice eye threat.
User_80,User_954,2022-07-06 07:31:15,87,Front already discussion either sometimes discuss return economy.
User_309,User_992,2022-10-08 11:08:07,98,Social market drive question give successful.
User_312,User_2,2021-07-31 03:11:15,68,Ground ask risk remain mouth relationship.
User_1098,User_1150,2020-01-24 07:10:42,69,Between school it walk however particular.
User_130,User_153,2020-03-20 12:36:20,29,Suggest little why method account number soldier.
User_1191,User_64,2021-11-07 14:32:55,2,Sign on television somebody expert.
User_317,User_586,2020-03-20 15:59:38,35,Health hear quite parent couple practice budget.
User_1159,User_224,2021-05-08 02:16:13,51,Today direction left writer.
User_1108,User_304,2022-07-12 15:40:28,10,Include study grow.
User_753,User_899,2021-07-19 03:45:37,19,Discuss share north statement take thank.
User_1059,User_113,2021-11-11 13:34:53,73,Technology try control note sign.
User_626,User_617,2021-12-03 17:33:52,15,Those everything old owner move son sometimes Republican.
User_117,User_572,2024-01-09 23:21:12,72,Ask lead race political reveal one draw.
User_602,User_91,2021-06-27 03:37:21,67,Region major hand natural partner where.
User_163,User_203,2021-05-31 16:43:09,83,Same there discussion think ago operation that.
User_558,User_1036,2023-07-05 12:42:52,87,Area man figure others.
User_249,User_38,2020-02-05 18:14:05,44,Agency assume effort shoulder.
User_381,User_630,2022-03-21 08:08:30,73,Room energy Mrs arm lot couple word.
User_731,User_906,2023-03-22 11:02:55,2,Result partner country idea lot sign black.
User_90,User_381,2023-07-25 09:48:08,66,Since those upon possible artist campaign.
User_1094,User_380,2020-08-31 03:37:26,71,Sort ask bag small.
User_746,User_320,2020-11-30 10:00:39,78,Institution pressure fine career walk similar education.
User_775,User_42,2022-09-27 20:51:05,80,System course ground structure lawyer item.
User_107,User_52,2023-04-15 12:58:12,48,Material book price heavy.
User_317,User_603,2023-01-02 08:28:26,15,Laugh behind rest.
User_138,User_1017,2022-04-21 11:43:08,95,Describe it best mind bad ago.
User_1085,User_967,2023-01-05 11:13:44,32,Magazine also morning.
User_1008,User_1152,2023-07-24 08:00:26,85,Far hundred result sound special provide.
User_1123,User_165,2023-12-30 15:06:53,75,Not marriage medical early sound.
User_483,User_1041,2023-06-17 21:19:02,36,Wonder technology than perform investment class old.
User_1133,User_1023,2021-05-06 07:40:01,19,Want who all attention seek knowledge.
User_740,User_892,2021-05-23 18:40:27,99,Culture property also model southern throughout water anyone.
User_412,User_851,2020-11-01 02:08:57,60,Deep herself control each adult little yes note.
User_55,User_1222,2021-09-26 09:42:41,30,Hundred material summer end remember upon.
User_927,User_331,2021-10-04 14:40:01,79,Throw day pick clear.
User_1244,User_1109,2023-04-01 20:26:37,28,Cold to laugh out should statement join.
User_992,User_1105,2022-05-29 07:42:43,90,Reality lead some head believe officer.
User_425,User_569,2021-06-09 18:49:52,49,Believe style market line paper indicate draw.
User_305,User_872,2021-03-09 11:13:15,98,City security study whom difficult sort.
User_251,User_1134,2022-07-25 06:14:17,75,Trial sign page church.
User_1034,User_1033,2021-09-26 02:04:33,13,Good why happen before no.
User_332,User_224,2022-10-22 06:38:35,42,Make history authority maybe cover ten mind.
User_1235,User_1109,2023-03-09 04:14:18,36,Room call recent ability affect even.
User_925,User_1084,2020-08-25 12:45:46,76,Often kind admit technology produce society.
User_1167,User_367,2022-09-17 19:22:27,54,Will share course adult he career.
User_1123,User_273,2021-02-26 21:31:09,4,Century on person out.
User_830,User_198,2023-05-26 05:59:16,57,You third issue moment gas stop.
User_581,User_16,2021-12-30 10:38:16,60,Simple me federal young cause.
User_5,User_1200,2024-03-06 11:11:00,72,So TV side help quite pull pass black.
User_740,User_1241,2022-05-07 05:28:51,63,Side total soldier particular Republican structure heart.
User_1223,User_1004,2022-08-06 22:25:12,62,Capital technology science create white without hair would.
User_166,User_836,2023-05-28 17:13:57,85,Affect institution choice agency per act out.
User_1035,User_1057,2022-03-02 05:33:47,82,Role suddenly production forward certain occur.
User_682,User_309,2022-02-19 04:44:54,64,Voice sure use chair.
User_262,User_229,2020-05-30 12:41:59,98,System artist very coach foot learn voice.
User_236,User_485,2020-05-02 18:12:21,46,Floor say hospital.
User_497,User_317,2022-05-10 11:21:39,31,School every key hour beautiful more building.
User_152,User_1229,2021-02-14 16:48:36,97,Person these just other.
User_205,User_142,2020-12-11 09:39:13,5,Add dog man pay.
User_474,User_671,2020-02-17 18:42:02,29,Write hit personal final year pass off answer.
User_547,User_232,2023-09-19 09:11:38,46,Memory hear support thousand church.
User_124,User_86,2020-02-02 14:08:58,43,Focus lawyer gas discuss student.
User_713,User_1143,2020-09-05 03:09:04,84,Skill identify others region.
User_974,User_1240,2022-12-29 12:11:10,94,Us away contain painting.
User_441,User_93,2021-10-07 13:38:29,40,Nearly book community one street population bad.
User_423,User_635,2023-03-23 10:12:18,39,Admit better collection none kitchen rule foreign.
User_850,User_8,2020-03-13 22:58:55,1,More old work.
User_252,User_346,2022-10-20 10:08:42,16,Bad three carry its language heart.
User_940,User_1228,2021-04-02 02:33:00,65,Fill difference military section world kid.
User_1003,User_1015,2020-06-27 18:12:32,99,Whole people you animal reason make rise.
User_168,User_531,2021-06-29 13:47:13,75,Official weight ball same sense value key drop.
User_231,User_1064,2023-10-30 00:07:57,61,Training improve toward little piece.
User_256,User_956,2023-12-01 00:16:29,84,Head meeting purpose whole.
User_936,User_1063,2023-10-04 13:46:56,55,Maintain realize sense only out concern.
User_253,User_598,2024-03-21 09:57:42,4,Movement record half situation.
User_143,User_1176,2020-09-20 02:28:05,1,Wonder election tax professional exactly.
User_524,User_982,2020-01-09 17:24:04,3,Last analysis age kind past economic.
User_475,User_273,2021-07-14 01:11:27,99,Quality style suffer more officer hospital.
User_1152,User_287,2022-10-15 16:57:01,5,Want tend reason sometimes.
User_750,User_1231,2021-10-29 21:23:28,66,Their half to former answer.
User_350,User_1236,2021-01-26 20:30:10,82,Some amount city point place point clear.
User_31,User_1147,2022-02-08 14:45:43,46,Seek probably share serious thank.
User_640,User_827,2023-03-21 13:51:34,36,Even rate must.
User_288,User_752,2021-03-02 05:45:25,43,Source person administration.
User_1072,User_1211,2020-08-13 00:15:26,1,Conference within challenge common budget fire either.
User_995,User_153,2023-04-23 23:49:16,35,Especially buy tonight mention meeting dog central.
User_176,User_705,2021-04-03 13:09:52,13,This notice develop.
User_153,User_802,2023-04-05 02:53:16,21,Mother through current young school box box.
User_958,User_1228,2020-03-20 18:09:20,47,Fine point note foreign suddenly room.
User_617,User_294,2024-03-05 08:13:04,46,Successful option identify between page manage.
User_405,User_1065,2021-11-10 14:56:42,86,Help money student conference father plan positive.
User_393,User_1173,2022-05-14 08:17:16,33,Establish I alone final.
User_440,User_1016,2023-02-13 22:56:14,31,Child amount include enter.
User_1098,User_828,2021-12-21 08:06:57,12,List night just teacher speak page.
User_165,User_1058,2023-12-03 04:10:53,22,Turn end suffer book commercial card image.
User_872,User_950,2022-02-23 17:29:04,28,Note never person down.
User_674,User_203,2020-12-14 01:53:22,99,Way quickly him view according.
User_570,User_1206,2023-12-03 22:27:15,34,Information happy remember bill idea today.
User_632,User_198,2022-06-05 13:33:12,91,Generation reduce police strategy forward score.
User_555,User_921,2023-09-13 09:53:19,6,Response movie already role husband team.
User_682,User_720,2020-03-10 17:09:23,47,Despite scene bad so scene him out.
User_939,User_884,2024-01-26 13:41:53,91,House station ahead million prepare series.
User_600,User_69,2020-07-08 06:38:42,52,Prepare myself fall soon question cultural.
User_845,User_253,2021-04-27 04:37:02,78,Go arrive size we cause.
User_1134,User_1015,2022-01-02 03:57:46,58,Himself do and pay.
User_367,User_605,2020-11-26 12:32:06,67,During everything thousand home floor challenge surface.
User_310,User_108,2023-08-06 22:29:01,75,Answer respond draw middle material anything.
User_902,User_422,2022-09-28 18:01:13,10,Able always several sea.
User_1026,User_975,2020-05-29 00:19:30,19,Happen yes half drug.
User_512,User_959,2023-02-19 17:26:22,5,Your rise grow easy moment probably.
User_741,User_1087,2022-03-02 16:25:32,23,Listen early something opportunity sport.
User_1164,User_573,2022-08-17 20:53:16,63,Feel wait hot allow contain.
User_1037,User_895,2022-04-21 21:00:59,8,Speech beat whose these wrong.
User_312,User_225,2021-09-24 08:19:42,82,Nor fact kitchen city prevent.
User_1162,User_365,2020-04-26 04:12:36,22,Center but south save list.
User_288,User_466,2022-06-21 16:16:57,55,Number college economic program cost all body.
User_907,User_1020,2023-03-09 05:51:20,50,Agree human thousand point win list.
User_218,User_586,2021-01-12 18:24:53,4,Instead boy scientist as worry physical court.
User_995,User_1000,2020-03-22 08:50:29,70,Sport teacher very community dark born.
User_348,User_119,2022-02-27 17:13:01,7,Condition family type up recognize quickly tonight.
User_598,User_238,2020-12-27 13:03:07,61,Him represent hair marriage great.
User_235,User_609,2023-03-08 20:28:25,70,Once white since since themselves region.
User_271,User_1084,2023-09-29 16:03:15,68,Civil month sometimes minute how also decision nor.
User_1215,User_531,2022-05-03 04:29:28,48,Attack despite middle my strategy defense television.
User_418,User_1134,2021-09-29 11:47:03,23,Walk cover others especially.
User_170,User_495,2021-07-06 03:04:10,88,Democratic reduce commercial keep.
User_144,User_72,2020-03-27 16:08:29,11,Whatever point begin rate generation.
User_450,User_292,2020-02-11 02:40:55,32,Often hope market safe.
User_1184,User_321,2024-01-01 12:35:32,63,Strategy doctor year religious whom data world.
User_1110,User_98,2020-07-09 12:51:40,70,Care drive make hot method perform month offer.
User_823,User_322,2020-05-21 03:43:17,3,Idea sing that scene him world sign item.
User_576,User_867,2020-03-02 22:31:24,83,Similar every join past eat style defense prevent.
User_1123,User_600,2020-08-10 11:28:15,82,Discover similar make focus forward.
User_318,User_670,2022-03-04 22:32:30,29,Important medical trouble real.
User_15,User_25,2020-06-23 23:51:59,21,Firm culture official radio foreign.
User_399,User_769,2024-01-05 00:54:55,37,Center send above red professor.
User_667,User_1134,2020-02-12 22:21:57,17,Both two professor home particularly represent bag.
User_914,User_103,2021-01-02 21:34:20,58,Matter wait hope science.
User_259,User_5,2021-05-22 01:31:51,7,Hundred reach like political feel including.
User_1,User_791,2023-10-09 15:53:44,29,Body environment them include morning us.
User_942,User_1176,2021-01-25 14:33:21,49,Chance interesting gun radio our.
User_91,User_813,2021-03-03 23:02:26,70,Standard car walk.
User_222,User_971,2023-06-28 09:54:26,100,Material fall fund modern.
User_360,User_1243,2020-07-23 06:37:06,26,To its line eat hit trade.
User_160,User_230,2023-06-02 12:43:09,25,Environment structure whatever minute.
User_673,User_936,2023-02-06 17:06:32,19,Garden analysis against toward.
User_245,User_616,2022-04-30 23:22:38,45,War eat wonder military.
User_1134,User_252,2021-04-25 10:13:22,51,Speech cup well catch fish professor central.
User_1111,User_427,2024-01-25 20:13:49,82,Remember report later bed similar throughout.
User_189,User_171,2023-05-05 19:12:11,21,Onto listen simple care concern throw glass ahead.
User_1148,User_481,2021-07-22 08:41:36,96,Coach financial democratic.
User_159,User_604,2021-07-07 22:48:49,32,Practice establish firm total traditional offer.
User_535,User_963,2023-06-29 12:36:31,58,Manager where east argue.
User_495,User_937,2024-01-31 08:07:55,72,Onto write tough.
User_516,User_862,2022-02-04 19:09:43,14,Often enough far benefit.
User_192,User_450,2020-05-13 14:52:24,36,Age difficult follow away matter.
User_540,User_188,2021-06-14 02:36:19,36,Interview agent in health professional personal.
User_172,User_886,2021-03-21 07:40:02,54,Military these born plant relate wall his.
User_1155,User_1032,2020-03-08 19:19:14,56,Leg food mother ability style less modern.
User_580,User_37,2024-02-17 12:55:21,11,Leave model million after interview court.
User_1146,User_653,2023-08-08 01:46:43,98,Industry television case call evening.
User_893,User_877,2021-10-11 16:59:37,5,Least store Republican ask institution.
User_1147,User_1059,2021-05-14 05:01:43,65,Control threat serious start.
User_746,User_6,2021-12-06 16:46:47,20,Movement return run yard herself wear role.
User_259,User_1009,2020-03-03 00:42:51,33,Nearly world top article loss.
User_745,User_134,2022-02-22 14:14:49,89,Imagine city account employee morning food.
User_597,User_720,2022-07-02 00:38:13,48,Recent wide each assume reflect.
User_488,User_521,2020-11-11 02:10:48,77,Of together production put southern late floor.
User_115,User_925,2020-06-06 22:37:23,80,Rate college too Mr media technology.
User_837,User_756,2022-04-23 17:58:24,43,Movement analysis series manage business tree.
User_307,User_266,2021-08-01 11:42:07,60,Arrive government material pretty check as.
User_504,User_589,2020-03-11 09:04:00,39,Industry receive generation.
User_951,User_361,2023-06-14 13:03:50,71,Side evidence bar worry six right yard pressure.
User_1244,User_262,2023-07-19 18:20:13,86,Know car structure effort wrong central final find.
User_392,User_1212,2023-01-24 19:28:58,90,Discuss decade across suggest public already everybody.
User_844,User_400,2022-12-02 01:20:50,43,Page information rich floor speech parent.
User_376,User_692,2020-06-18 20:02:39,19,Politics single along card hospital relationship.
User_833,User_712,2021-12-10 02:45:24,17,Up resource spend without become probably age.
User_933,User_569,2022-07-06 19:51:05,54,Represent worker good room.
User_412,User_523,2020-02-25 15:13:01,2,Probably window decision line final agent.
User_681,User_860,2022-10-18 18:29:54,15,About data someone down wife put someone.
User_417,User_336,2020-09-17 04:43:21,63,Performance bill then themselves.
User_607,User_780,2022-07-05 15:41:19,39,Practice operation American subject.
User_917,User_555,2023-08-20 22:18:54,18,Live worry significant politics.
User_811,User_711,2020-03-14 10:54:37,78,Boy test money think spring trouble.
User_1111,User_892,2022-01-05 13:14:42,34,Black name every instead across specific myself policy.
User_1014,User_1236,2022-12-01 14:10:17,7,Build full process ago yourself.
User_504,User_1090,2022-11-13 22:22:16,52,Baby today many state town future explain.
User_829,User_617,2020-12-08 04:03:00,59,Away dinner try four.
User_739,User_165,2020-11-17 22:20:03,7,Network learn garden admit mouth game owner keep.
User_554,User_619,2021-06-24 09:17:02,4,Detail response affect night foot discover article college.
User_454,User_847,2024-02-16 23:07:51,55,Key of whose record economic nature radio article.
User_946,User_248,2021-07-31 02:49:27,53,Past rate would your common happy fly.
User_530,User_538,2020-09-09 03:16:13,19,Job most rate discover walk raise.
User_396,User_100,2022-03-19 21:48:29,41,Republican lawyer account because once local.
User_1190,User_725,2020-10-02 21:36:52,49,Style goal piece coach hair continue fast.
User_178,User_160,2023-05-16 05:24:51,64,Maybe feel happen discussion stand.
User_331,User_85,2024-01-13 22:19:16,62,Seem campaign represent exist manage.
User_359,User_735,2024-01-16 21:13:18,56,Most establish green add partner again decision quickly.
User_515,User_561,2023-09-25 01:32:27,11,Be opportunity race yet future determine.
User_33,User_642,2022-09-18 02:44:09,48,Foreign surface item race major.
User_1177,User_29,2023-08-17 17:27:40,18,Glass hair boy discussion organization position environmental food.
User_1194,User_332,2024-03-12 17:54:30,19,Contain direction firm building.
User_781,User_33,2020-06-23 06:36:39,66,Why animal policy cover media.
User_957,User_683,2023-11-17 02:29:59,41,Serve important really article.
User_186,User_292,2022-08-05 14:45:37,72,Tonight employee white energy season continue meet life.
User_1248,User_1046,2023-09-08 10:11:28,39,Be technology structure also college truth position.
User_646,User_918,2021-08-25 03:28:59,60,College should month see everyone tough his.
User_345,User_299,2021-05-24 07:45:40,70,Different staff play government cell imagine sometimes quality.
User_795,User_524,2020-08-31 19:16:56,3,Need main plan various whose exactly.
User_197,User_924,2020-07-05 07:19:26,71,Politics sort majority build community.
User_1248,User_615,2023-02-28 17:06:23,95,Camera fight cell see.
User_785,User_461,2024-03-03 15:47:48,70,Pay value arrive.
User_491,User_690,2023-09-27 02:19:46,30,Able artist remain toward major arm.
User_10,User_340,2022-08-21 05:27:22,79,Tend laugh design despite loss evening down.
User_924,User_629,2021-11-03 16:32:43,2,Land organization fight case least give know red.
User_364,User_428,2020-10-08 05:29:26,19,Event various yourself could movement fill.
User_1241,User_965,2021-05-30 10:40:20,95,Doctor outside fine difference truth forward.
User_61,User_518,2020-02-17 05:14:10,18,Full change ok stock.
User_839,User_831,2020-07-18 15:54:58,8,Reflect travel free news shake church difference.
User_777,User_771,2024-02-19 19:16:40,32,Model scientist card loss myself which strategy.
User_59,User_342,2020-09-16 14:19:38,82,Listen foot become on new hospital.
User_175,User_666,2020-03-30 19:02:58,97,Development receive fish.
User_745,User_261,2022-02-07 16:14:49,17,Ahead away full hear world thus draw.
User_203,User_80,2024-02-24 20:32:34,61,Evening executive book drug her.
User_703,User_235,2021-08-28 22:00:23,90,Product strong husband case without enjoy miss baby.
User_952,User_842,2023-05-02 17:42:32,74,Mouth night best management last stuff.
User_257,User_488,2022-08-07 11:07:05,72,Learn since human sister view ready.
User_952,User_1064,2022-01-20 20:50:20,92,May industry tend off travel win.
User_945,User_197,2023-08-12 19:11:05,14,Discuss manage where still.
User_481,User_961,2020-10-07 22:34:28,12,Win represent modern worker beat.
User_141,User_671,2023-08-20 17:18:47,95,Vote low sometimes phone ball make establish.
User_172,User_476,2022-03-04 21:48:38,25,Country go debate standard more indeed.
User_47,User_760,2020-07-19 10:20:37,98,Buy else result thought ask individual your.
User_824,User_327,2022-07-08 14:32:33,75,Class hit however can certainly.
User_867,User_136,2022-11-12 22:41:20,84,Same know standard weight up matter.
User_862,User_205,2021-07-16 07:52:10,90,May someone crime blood nation month yeah.
User_307,User_415,2020-03-09 08:07:30,74,Determine candidate least up sell.
User_1077,User_240,2020-09-08 14:16:59,35,All blue best camera generation suffer.
User_17,User_203,2023-01-13 02:15:54,32,Account customer occur board.
User_1135,User_752,2022-07-09 10:53:29,95,Board sure explain outside.
User_1216,User_516,2021-10-23 23:37:19,84,Throughout image too any moment carry their.
User_738,User_421,2022-07-04 04:17:08,90,Remember on him show author case.
User_951,User_635,2021-03-21 04:27:53,73,Yet from evidence method run respond police.
User_155,User_1053,2020-02-08 16:22:10,33,Time in area by be ask down black.
User_655,User_182,2020-06-10 22:08:19,36,Two PM model look.
User_434,User_131,2022-08-11 20:04:16,71,Single pattern story performance.
User_897,User_424,2023-11-12 18:37:19,18,Live standard though.
User_60,User_600,2021-08-20 18:39:36,53,Down can usually difference production family lawyer.
User_384,User_203,2020-11-10 05:15:18,17,Brother include system space why spend but.
User_1150,User_14,2022-10-06 19:07:29,46,Agreement a various time throughout management American.
User_43,User_644,2022-10-09 14:15:05,52,American artist beat training individual stuff ahead wish.
User_1247,User_425,2022-10-08 23:03:15,9,Purpose assume draw picture push market.
User_740,User_758,2021-08-08 19:31:33,28,Section leader much instead.
User_358,User_890,2023-04-06 03:31:49,29,Employee just increase claim.
User_842,User_290,2020-01-23 21:44:32,1,Though arrive however small they sound message.
User_696,User_246,2021-08-23 16:55:56,45,Likely just exactly season arm.
User_82,User_720,2022-08-08 22:21:44,55,Bag machine standard price.
User_369,User_66,2021-07-23 07:47:58,40,Stage similar reality seek indeed.
User_474,User_213,2023-03-28 11:56:03,79,Sister together late toward.
User_331,User_808,2022-06-20 09:45:54,88,Up pass clearly relationship executive like meet generation.
User_1152,User_935,2022-10-28 14:33:43,85,Yet under fire least front two.
User_379,User_788,2021-10-02 12:43:01,17,Own gas start close country reduce seek.
User_429,User_268,2023-09-13 05:38:57,58,Book manager pretty conference.
User_803,User_795,2023-03-18 21:15:11,4,Artist thousand three remember behind.
User_373,User_37,2024-01-17 11:49:39,96,Still worry white occur.
User_434,User_402,2021-12-31 07:10:06,47,Drive baby another sort subject who back.
User_440,User_834,2020-10-03 11:38:48,1,Protect yourself entire person eye visit a.
User_1067,User_601,2022-03-25 12:13:31,84,Increase themselves share change science raise north.
User_566,User_796,2021-07-31 01:00:41,20,Behavior board behavior evening you feel base.
User_975,User_322,2023-03-10 22:48:30,81,Just learn organization group style where brother authority.
User_468,User_1005,2021-08-18 08:29:25,24,Plan main mouth produce life.
User_486,User_2,2024-04-06 18:50:45,41,Drive quickly while whole instead.
User_1017,User_91,2022-05-27 13:41:30,42,Site left real change quickly.
User_1118,User_286,2020-02-19 23:16:31,30,Political result hair ten.
User_608,User_9,2021-01-22 18:54:41,80,Head mother meeting fast.
User_786,User_1118,2020-01-29 06:30:41,44,End law get nothing walk number.
User_430,User_1110,2021-08-24 04:17:31,69,Catch type election space.
User_313,User_67,2023-11-29 22:33:28,61,System price drop her inside computer may.
User_612,User_501,2022-01-20 15:31:20,77,Media positive feel land.
User_533,User_464,2023-02-02 16:27:52,85,House also toward physical.
User_764,User_485,2021-07-30 00:27:04,96,Including measure southern evidence check draw.
User_399,User_1229,2020-07-18 11:24:23,41,Me letter nor several message.
User_187,User_1097,2022-09-08 20:21:13,100,Because economy PM president campaign all.
User_889,User_75,2021-02-14 12:43:35,19,Police production must wish upon artist lose.
User_1047,User_621,2020-04-27 23:09:21,29,Certainly land range behind across.
User_121,User_1178,2023-07-08 16:42:33,47,Four threat thank good customer rest.
User_850,User_568,2020-05-09 06:12:29,77,Bill institution simple.
User_580,User_12,2024-03-08 02:42:26,84,Value east certainly probably never million skin much.
User_454,User_896,2021-05-01 11:12:57,15,Partner hope blue history support performance free.
User_1142,User_706,2021-07-03 03:25:16,97,Tell coach imagine third always ability both.
User_1061,User_1247,2021-11-05 04:38:23,88,Hear area ten image key.
User_724,User_93,2021-06-04 11:19:12,40,Glass necessary coach city trouble.
User_180,User_409,2022-05-20 06:32:32,51,Where whom half win boy black should care.
User_471,User_1162,2020-04-07 15:09:46,93,Law good join cut current heavy.
User_365,User_723,2021-06-23 18:55:04,20,Nice wish identify question stand almost sell.
User_241,User_869,2020-02-23 09:03:48,22,Every indeed water cultural.
User_1038,User_65,2023-12-20 07:45:18,23,Summer body visit race.
User_410,User_721,2023-11-13 09:15:12,24,Model far prepare evidence economic.
User_218,User_717,2022-11-25 12:29:49,68,Minute final night friend.
User_653,User_116,2020-10-18 19:35:46,51,Floor somebody enough cover.
User_784,User_627,2021-05-18 04:29:39,83,Audience spring crime those.
User_375,User_322,2023-09-06 22:22:18,87,System too reason fill.
User_1154,User_978,2022-08-24 16:58:12,40,Admit hospital response about join individual.
User_846,User_1191,2021-06-29 13:17:45,77,Might forward certain for.
User_1178,User_825,2021-02-01 09:27:05,32,Family southern generation maintain push feeling.
User_185,User_868,2022-01-08 04:19:10,92,Yourself call until.
User_1193,User_392,2022-04-10 10:47:13,18,Data wide oil.
User_1026,User_374,2021-03-02 10:20:59,63,Travel onto agent anything natural method.
User_206,User_1241,2022-09-30 22:53:38,31,Cause range on spring join.
User_844,User_342,2022-05-24 07:48:23,21,Opportunity raise western see her body yeah.
User_354,User_693,2022-02-25 17:30:51,13,Century for need term mouth popular decide.
User_1013,User_547,2022-11-01 03:42:41,85,Executive true offer current.
User_1220,User_1236,2021-07-01 02:22:19,49,Fact head age message owner.
User_302,User_1065,2023-07-29 11:31:42,13,Opportunity tonight change second box.
User_309,User_610,2021-04-18 22:04:37,4,Somebody throughout system find.
User_1151,User_22,2023-12-23 11:52:30,89,Debate car way national.
User_1019,User_1014,2023-03-10 04:46:24,40,Look modern a him.
User_1127,User_782,2024-01-05 14:35:52,95,Ten especially national send represent challenge.
User_38,User_1073,2024-02-25 15:22:59,35,Himself sit require stage few drop who.
User_1146,User_631,2021-03-30 05:04:04,97,Personal woman information power property.
User_493,User_1211,2020-03-11 11:40:05,53,Offer the rise challenge.
User_1154,User_17,2024-03-29 12:00:09,4,Manager keep trade.
User_320,User_107,2024-02-21 23:07:42,10,Into say PM lawyer health available west.
User_758,User_370,2020-04-20 04:44:39,19,May nation social.
User_1169,User_918,2020-11-24 00:43:42,38,Budget member section make too chance.
User_482,User_35,2022-08-11 04:10:34,12,Position little ability because.
User_329,User_16,2023-05-27 09:46:33,47,Argue help establish.
User_1000,User_846,2022-08-15 23:23:58,32,Style heart doctor necessary none believe.
User_267,User_4,2020-12-20 08:43:21,58,Scene her fine design speech.
User_487,User_98,2021-09-13 16:51:06,41,Point available deal check nor small since.
User_830,User_904,2022-03-29 03:16:21,25,But those about economic.
User_229,User_6,2023-12-14 08:26:04,46,Budget account radio determine huge.
User_881,User_533,2021-11-27 04:19:45,43,View eat thing word wind question continue.
User_453,User_1077,2023-11-23 01:18:07,23,Then place later provide environmental religious fact provide.
User_847,User_116,2021-10-02 10:47:52,71,Make important week else read.
User_861,User_342,2020-10-05 14:01:59,55,Read identify off her design.
User_346,User_282,2024-01-22 02:59:56,35,Energy all scene health agency such why effort.
User_93,User_891,2020-01-31 14:02:40,34,Glass manager before side future area.
User_275,User_948,2020-08-02 00:14:49,62,Tax try individual line.
User_1192,User_136,2021-12-31 17:38:02,62,Herself indicate right face.
User_47,User_851,2020-11-02 04:33:28,73,Until thank through four although especially.
User_1093,User_434,2020-01-23 22:22:03,57,Ok of cause capital.
User_928,User_423,2020-12-08 22:46:45,76,Leader middle itself.
User_341,User_988,2021-08-03 18:56:39,93,Budget service remain natural recently pass.
User_1247,User_923,2021-09-16 19:39:41,41,Film black all.
User_1228,User_651,2021-08-23 09:39:59,95,Show case threat why color charge all.
User_55,User_824,2023-04-03 02:18:48,10,Market majority future.
User_466,User_1007,2020-05-27 03:15:33,87,Policy far research base too.
User_1101,User_895,2021-03-05 12:15:02,69,Finish want six management already amount.
User_1029,User_677,2022-11-28 14:21:39,31,Reason less power whatever feel character important ten.
User_494,User_873,2021-09-14 20:56:19,53,Society already let speak so turn person professor.
User_1002,User_441,2023-09-30 19:38:59,91,Close employee across tell edge foreign.
User_690,User_173,2020-08-23 07:32:26,94,Usually start recognize push ok oil rich.
User_1078,User_643,2022-05-10 10:09:19,78,Both help candidate history law artist accept.
User_456,User_999,2021-02-14 23:15:45,60,Land ten rich listen leg will prevent.
User_1018,User_334,2024-02-03 02:44:22,16,Color example science economic off.
User_764,User_847,2024-01-09 02:23:36,17,Money authority dark mission.
User_936,User_295,2022-06-23 17:43:36,6,Relationship through method land.
User_362,User_705,2020-03-10 07:54:43,60,Exactly common form job hundred.
User_340,User_714,2023-09-20 11:32:49,27,Push leave voice paper most financial rest.
User_1075,User_798,2020-05-19 00:00:29,67,Truth many you professor stand they.
User_1147,User_574,2022-06-28 10:44:57,99,Which dinner eye everyone tree pick.
User_772,User_1060,2020-04-23 18:16:43,38,Across meeting rather risk price simple best.
User_561,User_1027,2021-03-09 19:12:58,26,Focus seven peace he rich.
User_353,User_336,2022-09-12 16:11:00,72,Alone ahead every blood seek.
User_436,User_803,2023-10-30 22:59:46,71,Specific song win language shoulder institution family.
User_1163,User_1106,2021-10-08 10:44:35,57,Increase population top meet believe last positive.
User_1058,User_117,2024-02-12 21:01:17,25,Write employee financial police expect sound section.
User_42,User_1005,2022-07-12 04:12:52,50,Sit worry traditional research west cut less.
User_119,User_749,2020-04-17 01:26:30,64,Race identify agency from what travel.
User_158,User_179,2023-12-02 21:45:08,12,Sister tell country truth.
User_813,User_992,2020-11-20 03:34:28,10,School stock write development south.
User_657,User_1187,2021-06-28 13:10:44,81,Race bag picture.
User_216,User_62,2020-11-17 01:06:42,12,Recent move teach good be.
User_235,User_1008,2022-06-22 23:48:25,67,Hope within three why pay.
User_589,User_588,2021-05-28 06:03:20,73,Message work community quite specific administration.
User_210,User_1010,2022-11-05 02:47:32,83,Leave as collection poor soldier recently ground.
User_206,User_1038,2022-07-15 15:40:27,57,Truth send follow drive dinner bit air.
User_1125,User_852,2020-07-16 00:43:36,34,Democrat campaign mean those door.
User_330,User_1032,2022-10-13 16:14:37,63,East social guy anyone it safe mention many.
User_676,User_542,2023-10-24 04:39:26,40,Middle hair leg reveal career course.
User_794,User_761,2022-09-02 09:23:57,27,Agency free minute attention large.
User_1247,User_739,2023-09-28 23:19:25,57,Modern different no.
User_600,User_103,2023-12-27 21:25:51,22,Rock fill development spend.
User_1248,User_934,2023-03-16 08:23:01,77,Run chance suggest others business model.
User_1207,User_240,2022-03-31 07:17:49,64,Analysis art fire parent scientist.
User_405,User_436,2022-08-26 11:32:39,16,Concern action spend keep.
User_809,User_278,2021-04-26 14:58:45,38,Arrive management ask believe skill tonight tend.
User_788,User_824,2023-01-22 01:25:22,49,Sport base stage few international exist put sell.
User_451,User_223,2020-01-19 02:59:55,29,National ok real crime.
User_182,User_348,2020-12-29 06:52:52,40,Value situation career store respond.
User_898,User_1079,2020-11-26 18:17:48,82,Drive remain conference pretty husband.
User_22,User_581,2021-01-04 14:51:36,79,Support job draw on including expert go per.
User_880,User_795,2020-04-25 15:48:12,54,Difference everyone network method.
User_269,User_702,2024-02-07 09:09:44,13,Public he magazine Republican matter.
User_323,User_672,2021-02-27 06:45:59,82,Candidate effort clear write assume.
User_775,User_1229,2021-10-14 04:47:00,36,Man if chance wish talk.
User_315,User_796,2022-08-28 15:03:50,29,Peace recent office hundred about nearly do.
User_126,User_327,2021-06-18 23:20:34,9,Clear network why image itself style.
User_385,User_633,2021-09-29 13:56:08,38,Forward there attack local.
User_245,User_597,2023-11-11 12:44:25,11,Consumer have local administration performance listen for leave.
User_628,User_120,2023-03-01 02:04:56,98,Dream peace bill perhaps.
User_515,User_477,2022-04-20 15:55:19,33,Total ever thus exist.
User_1239,User_651,2020-04-28 02:27:37,77,Consumer but official.
User_6,User_476,2021-04-21 09:32:37,43,Design region medical million.
User_611,User_738,2021-04-20 10:30:45,18,Board development above try.
User_324,User_599,2021-09-16 02:38:56,21,Last worker whole effect sea.
User_932,User_1115,2021-02-05 15:20:12,96,Song tonight end on.
User_757,User_705,2020-09-25 22:40:07,3,Administration avoid key black value morning field.
User_542,User_932,2024-03-18 15:56:58,4,Source record feel laugh.
User_520,User_1218,2020-02-20 14:55:56,96,Rock remember save road way nearly away several.
User_1148,User_917,2022-06-30 22:13:24,8,Only energy range yourself customer.
User_1075,User_997,2023-08-22 03:04:04,49,Detail else sell.
User_420,User_849,2022-07-21 16:31:25,74,Policy house can available.
User_493,User_215,2021-09-26 06:33:31,47,Focus reality commercial total.
User_1019,User_548,2021-05-12 18:39:50,45,For physical partner box soon involve.
User_382,User_131,2022-02-28 19:01:45,90,Network information data well.
User_118,User_743,2023-05-12 19:06:33,66,Finish trip drop.
User_499,User_651,2022-07-24 15:53:07,20,Rise drop if.
User_578,User_229,2023-11-09 21:53:43,92,Ever general go window.
User_880,User_219,2021-02-08 11:45:18,32,This ago they send ten.
User_135,User_417,2020-04-29 21:58:12,56,Fast they political left.
User_397,User_805,2021-02-04 19:43:30,2,System whose matter beyond huge dream focus play.
User_1149,User_1066,2022-01-16 15:13:03,55,When entire range several.
User_450,User_201,2024-01-28 03:44:10,43,Knowledge of interesting term have mind real while.
User_999,User_326,2020-01-14 12:12:43,94,Property inside Mr particularly position.
User_171,User_1229,2020-09-13 15:16:43,59,Religious customer teacher time paper against explain.
User_1188,User_851,2021-01-27 12:32:53,5,One difference suffer most.
User_568,User_754,2022-09-05 05:55:27,27,Enough whose impact west receive we medical director.
User_887,User_659,2022-12-08 16:10:56,10,Republican conference front stand amount we southern.
User_788,User_679,2022-06-17 04:59:23,68,Stop final a move clear change effort.
User_376,User_394,2020-06-07 20:24:57,20,Read play hope shake beat similar else.
User_915,User_1197,2023-04-25 05:46:08,41,Seem mother star treatment perhaps.
User_1135,User_936,2020-08-26 21:18:19,99,Share hand produce game.
User_629,User_1194,2021-06-28 01:51:14,91,Design fear dark region computer use Democrat.
User_623,User_434,2022-11-27 15:19:22,12,Memory method house when participant enter.
User_1234,User_994,2022-12-27 22:36:21,71,Late thank vote wall animal.
User_1086,User_682,2024-01-19 16:46:27,7,Because reveal question team something study interview.
User_437,User_462,2021-01-12 13:50:06,50,Next whose church major account race American.
User_678,User_512,2021-06-13 05:19:38,65,Fill stop Congress.
User_1210,User_1247,2023-11-13 10:51:09,77,Run find or.
User_715,User_703,2021-12-18 23:18:23,23,Itself market lose them environmental view money.
User_835,User_335,2022-10-04 06:20:55,43,Nothing but and staff information throughout act.
User_507,User_651,2021-07-04 15:31:52,24,Address watch first best.
User_58,User_703,2022-04-25 23:38:18,73,Decade speak necessary century send wear serve over.
User_988,User_121,2021-01-08 23:06:03,22,Sometimes international program coach key.
User_706,User_261,2023-07-27 17:43:55,46,Something lead scientist.
User_237,User_233,2022-09-17 03:43:37,100,Return admit daughter change read since.
User_359,User_842,2022-04-27 14:51:19,91,Truth question follow.
User_169,User_840,2021-01-05 19:08:30,72,Congress care rather too raise.
User_1247,User_1013,2023-06-21 10:50:27,52,People trip see happy.
User_662,User_692,2023-11-16 01:14:58,41,Since character very fear still mention morning.
User_1175,User_2,2021-04-18 02:55:44,42,Right middle rate.
User_969,User_624,2022-03-10 11:30:18,71,Night fact economic agent.
User_475,User_416,2022-11-01 14:59:25,79,Push foreign suddenly feeling.
User_947,User_415,2023-10-27 17:40:30,61,Support little new know talk property affect brother.
User_1022,User_977,2022-11-14 20:55:18,86,Become security matter require all red.
User_1226,User_1244,2021-01-22 17:35:26,48,Discover only art yourself.
User_884,User_849,2021-02-25 22:35:18,33,Until road outside number hope.
User_822,User_31,2023-11-26 21:30:48,63,Commercial market task few.
User_783,User_1094,2021-01-15 08:25:52,26,Arrive wonder yes occur difference main score early.
User_875,User_541,2023-08-22 19:09:28,85,Plant here war vote and field wife condition.
User_836,User_874,2023-03-02 10:06:04,89,Economy tend green those.
User_559,User_474,2023-12-21 03:19:34,59,Economy I fill develop similar her.
User_217,User_671,2020-08-14 07:36:39,66,Opportunity east heart onto see write moment.
User_1188,User_60,2020-01-05 07:51:25,50,Car various final skill item top toward.
User_978,User_681,2023-05-07 16:22:43,1,They experience hand why more.
User_1188,User_877,2024-01-04 06:44:42,70,Fast far language professional kind.
User_1187,User_319,2022-06-01 01:30:51,95,Various she world song consumer.
User_540,User_448,2022-06-08 04:13:52,100,Step nice need one doctor control.
User_439,User_580,2022-02-06 17:29:38,24,Surface seek item.
User_308,User_786,2022-12-19 14:55:12,17,Question statement young.
User_588,User_985,2023-04-06 04:57:15,92,Teacher use movement shake city.
User_1217,User_42,2022-11-27 11:56:08,67,Would true beat.
User_389,User_1062,2020-09-02 05:03:16,37,House agency bed above up upon.
User_196,User_336,2023-03-09 04:33:09,18,East instead put certain.
User_852,User_344,2022-01-11 04:03:00,36,Second partner possible box.
User_215,User_135,2023-08-14 20:49:53,100,Cover clearly hundred against.
User_1131,User_1187,2022-06-01 22:09:52,21,Something back behavior performance friend.
User_78,User_1069,2023-07-14 03:52:19,13,Medical town identify on section.
User_355,User_1207,2023-04-14 04:07:04,70,Movement which day address.
User_278,User_274,2021-04-28 05:23:57,27,Amount enough whole off you.
User_860,User_238,2020-05-30 06:49:42,50,Third popular possible next down similar.
User_746,User_844,2024-02-18 18:19:45,82,Who chance five economic woman generation professor expect.
User_1228,User_717,2022-07-02 23:05:02,11,But tonight father attention already reveal expert.
User_620,User_1046,2021-03-10 11:56:13,43,Site or institution board standard fly performance.
User_1111,User_176,2022-02-09 17:34:16,57,Garden role center institution sing movement five.
User_1200,User_11,2023-09-20 22:10:40,96,Radio little old short half.
User_610,User_404,2021-01-04 10:37:40,1,Take common a budget drive take effort.
User_252,User_697,2022-06-19 16:25:04,96,Business turn phone about.
User_308,User_290,2023-01-22 12:27:27,38,Out hold hand piece next parent.
User_1089,User_681,2023-09-21 06:46:50,6,General company while science avoid there entire.
User_238,User_724,2022-05-07 12:19:52,29,Surface machine month must.
User_476,User_1142,2021-12-09 16:36:26,79,Strong here name message white like draw.
User_122,User_150,2022-02-06 00:34:29,39,Treat across court start he difficult indicate.
User_946,User_954,2020-03-16 11:31:26,88,Two far leg understand reality need.
User_1109,User_299,2023-12-17 03:47:10,13,Career reduce speech later.
User_66,User_354,2021-04-08 10:38:59,91,They such standard could main cost.
User_369,User_141,2020-04-23 13:17:51,31,Involve later one theory.
User_1081,User_352,2021-04-28 04:37:10,21,Watch election age successful word improve arm.
User_1108,User_736,2020-02-08 02:22:01,71,Impact democratic for conference five.
User_193,User_226,2021-07-14 05:51:15,71,Believe leg trip hear.
User_1018,User_545,2022-05-23 19:00:08,90,Another manage need figure or time.
User_955,User_29,2021-11-19 23:01:32,21,Hospital whom bed front south.
User_1188,User_693,2021-08-12 13:25:33,50,Affect news best specific building none serve.
User_431,User_1015,2023-12-18 08:54:48,23,News either say different.
User_1077,User_240,2022-09-09 13:58:39,1,Culture leader world impact culture site tough.
User_1128,User_263,2020-06-12 01:28:40,93,Character she say shoulder office if source stay.
User_766,User_80,2024-02-28 23:43:06,60,War nature brother down mission.
User_32,User_1219,2024-01-13 13:59:26,57,Reach class yeah notice.
User_603,User_1046,2020-12-04 23:55:36,48,Human seem read.
User_815,User_441,2021-06-25 12:11:37,44,Quite medical well coach as physical indicate.
User_1016,User_327,2023-09-20 22:50:06,29,Show car choice sense city response theory away.
User_576,User_739,2022-12-18 15:01:27,86,Money difficult think however how day room total.
User_243,User_545,2020-02-26 10:26:57,36,Able at protect example national writer scene peace.
User_215,User_151,2021-01-19 01:27:08,46,Adult week he model.
User_17,User_62,2022-04-07 14:00:01,64,Type test paper you personal.
User_236,User_1236,2022-01-06 07:50:53,17,So thus seek.
User_444,User_225,2021-05-04 00:42:56,45,Who family home probably spend couple challenge.
User_93,User_624,2020-05-05 15:51:46,99,Start president eye increase quickly wear.
User_255,User_205,2023-08-19 06:14:30,13,Lose back enter no better although.
User_100,User_30,2023-07-16 04:20:46,100,Small response project body record.
User_59,User_429,2021-05-13 00:33:03,10,Hundred treat agreement.
User_942,User_1199,2020-06-21 05:21:37,87,Staff assume this their.
User_529,User_649,2020-11-23 14:11:48,77,Per owner security none suddenly official treatment.
User_256,User_894,2024-01-13 09:50:35,71,Few up financial.
User_447,User_566,2021-11-29 02:17:22,82,Charge conference score thus democratic my.
User_349,User_5,2023-01-21 17:35:20,35,Only public condition wonder whose.
User_48,User_725,2021-04-21 08:16:45,53,Either yes own huge.
User_371,User_379,2023-07-24 16:41:39,20,Account and seem later management apply try.
User_496,User_554,2023-08-14 21:23:21,97,Gas hold kitchen within thank.
User_147,User_587,2021-02-09 11:57:54,93,Try body nature occur which.
User_1072,User_939,2023-11-15 04:57:35,82,Fish fill out natural.
User_869,User_213,2022-09-25 02:16:52,58,Though list student charge hit.
User_208,User_28,2022-05-08 08:17:30,51,Fine central hour big two condition about.
User_603,User_341,2020-04-28 13:02:48,71,College field bill.
User_10,User_153,2021-01-03 17:44:07,13,Book industry three suffer police marriage source.
User_934,User_576,2021-11-27 22:19:10,24,Debate deep miss make economic positive.
User_1009,User_1161,2021-06-18 07:09:14,59,Understand reach skin dream understand service.
User_432,User_206,2023-01-12 16:14:49,41,Brother wide store direction someone media east event.
User_283,User_110,2023-07-17 18:32:39,25,Stock let happen office people.
User_28,User_737,2020-10-30 08:10:13,25,Security firm each difference may wall event.
User_1159,User_75,2020-05-17 21:08:33,38,However much tax safe arm out than.
User_539,User_16,2020-10-01 17:09:53,9,Scientist event challenge number born able.
User_1223,User_75,2020-01-13 16:38:33,60,Rich project because exist onto.
User_1034,User_897,2022-11-27 17:58:29,96,Environment drug check everyone.
User_1128,User_793,2020-10-17 11:49:34,78,Doctor rest street.
User_261,User_518,2023-05-04 20:28:37,60,Matter product think style.
User_920,User_1217,2021-03-22 19:12:08,11,Network only least suffer.
User_880,User_1092,2022-01-05 11:38:23,60,Able mean myself half available sign.
User_333,User_242,2021-06-14 02:08:52,59,Go people opportunity growth task.
User_237,User_406,2022-05-26 07:24:44,30,Song amount race down next economy.
User_331,User_136,2023-03-05 00:14:51,100,Structure sense he benefit crime just none.
User_1222,User_418,2022-05-13 15:20:15,7,Better choose defense left real.
User_148,User_662,2024-04-02 19:55:19,14,Property compare spend physical best view development.
User_682,User_182,2023-11-04 14:18:21,92,Significant order paper ask serve lawyer town.
User_415,User_498,2024-01-31 02:09:02,56,Player enough cause card clearly.
User_250,User_424,2023-10-07 18:37:02,44,Sing contain cover attorney word ready.
User_752,User_826,2021-03-05 19:24:20,92,Half executive machine affect.
User_1129,User_674,2022-12-14 17:54:03,74,Occur than its capital system table eat.
User_187,User_1135,2021-03-20 12:41:44,72,Government catch agree wife image impact.
User_93,User_1002,2020-04-01 22:03:54,9,Name different one.
User_104,User_944,2021-04-10 11:23:50,38,Nation politics store boy face expect big free.
User_829,User_286,2023-05-03 23:15:20,23,Huge into size level economic protect happy.
User_306,User_579,2020-11-26 19:54:03,2,Officer red loss perform how page hand performance.
User_1052,User_150,2022-08-11 02:50:13,68,Opportunity control arm of get.
User_388,User_1053,2022-09-16 06:49:31,26,Edge tonight week herself store book stay.
User_617,User_721,2022-04-21 19:32:38,99,They hope paper newspaper.
User_993,User_449,2023-04-16 10:35:55,55,Spend political election benefit spend.
User_320,User_25,2020-06-21 05:19:34,10,Set paper four.
User_352,User_6,2023-05-15 20:19:00,35,Glass parent garden after decision.
User_1053,User_539,2021-12-01 20:01:47,37,Prepare total reason bag.
User_618,User_71,2022-09-07 02:04:38,26,Of leg build require leader ten.
User_83,User_23,2020-07-17 01:01:19,89,Image race teach record anyone.
User_635,User_64,2023-11-17 03:34:43,1,Whatever range particularly outside myself.
User_560,User_237,2023-10-05 17:02:40,51,All finish knowledge rich.
User_714,User_1081,2022-12-14 17:30:38,22,Dark hit better to certain dark then.
User_85,User_733,2020-10-10 23:55:08,92,Hospital than those into add open speak dog.
User_830,User_1130,2020-05-16 18:09:14,58,Really available owner green.
User_916,User_722,2020-05-14 21:30:20,37,Artist country air news say.
User_384,User_108,2022-12-02 01:55:41,8,Quickly student commercial civil together quite arrive.
User_389,User_674,2022-08-10 10:47:00,61,Would enter radio side how might.
User_196,User_615,2023-06-19 06:17:31,83,Coach today year.
User_650,User_918,2022-02-02 12:43:32,2,Scientist action behind.
User_159,User_651,2023-11-21 10:51:21,17,Event term front black small statement.
User_1012,User_462,2023-09-04 22:31:39,67,Send note discover into goal week place.
User_1188,User_878,2021-05-22 04:10:22,6,Treat doctor with appear simply little.
User_226,User_1143,2020-04-11 16:56:24,97,Bag range wide mention maybe.
User_903,User_1068,2022-10-01 11:20:22,58,Too live important particular.
User_405,User_541,2022-05-01 11:21:01,70,Leader free half.
User_386,User_434,2022-11-17 23:04:44,15,Be current light professional next.
User_1056,User_1000,2023-08-11 17:49:11,92,Ago send them pass sure.
User_990,User_114,2020-12-14 02:20:53,73,Hear number find room any buy.
User_924,User_913,2022-07-27 04:18:07,39,Job vote total agreement.
User_333,User_687,2022-06-02 03:51:02,80,Speech education some population political direction.
User_375,User_204,2020-04-10 07:27:02,23,Once debate kid shake.
User_890,User_667,2021-08-23 00:38:07,36,Wife focus out develop.
User_1062,User_711,2021-08-07 12:44:46,93,However growth movement right board necessary receive.
User_1116,User_454,2020-03-30 02:58:39,61,West happy middle evidence project character.
User_88,User_477,2020-05-31 10:30:02,14,Sister might American.
User_158,User_711,2021-07-01 11:57:48,42,Option case easy member box news economic add.
User_325,User_144,2021-06-30 15:33:28,46,Model of thank guess bar Mr.
User_220,User_1106,2020-06-21 13:33:11,76,Hard only light machine control.
User_1214,User_805,2020-12-24 15:01:56,41,Character cultural black space follow physical team.
User_1229,User_329,2022-10-17 15:22:24,52,How age view hour.
User_591,User_819,2024-03-31 08:30:13,97,Seven near table build control seat.
User_908,User_183,2020-01-10 06:20:55,64,Thank born lose mean participant open.
User_727,User_174,2020-10-11 00:23:40,18,Final operation national.
User_119,User_1146,2024-03-28 03:26:16,39,Long according pay toward difficult them over.
User_684,User_626,2021-11-05 02:28:26,63,Audience add step discussion energy second require.
User_652,User_284,2023-03-19 10:57:51,45,Wear represent boy understand win.
User_815,User_1083,2023-06-25 07:16:35,27,Door father outside student something school couple.
User_399,User_1081,2023-05-27 00:34:16,14,Chance true parent despite.
User_361,User_640,2022-09-30 04:46:17,56,Add whom hospital enjoy.
User_566,User_988,2021-06-01 10:52:50,72,Red month in day never piece support.
User_667,User_515,2021-11-04 04:46:14,44,Two adult inside weight job chair.
User_1088,User_996,2022-09-01 03:03:29,37,Require knowledge deal.
User_469,User_999,2022-12-18 22:25:28,32,Indeed toward technology space play already but.
User_653,User_934,2020-06-09 19:55:55,66,Material we weight car effort.
User_885,User_924,2020-12-17 23:15:05,100,Stop process place picture measure power statement.
User_1170,User_99,2021-02-23 21:01:46,55,Face base enter size suddenly open room local.
User_926,User_424,2023-07-21 12:19:33,96,Thank people whole onto.
User_1069,User_495,2021-01-26 20:42:06,61,Pretty fact stand.
User_436,User_421,2021-03-27 19:18:00,67,Billion always investment arm.
User_171,User_781,2022-01-12 21:30:47,12,Practice middle now eye.
User_57,User_1173,2021-11-06 21:19:58,10,Study face one bring member make.
User_838,User_961,2021-08-12 10:42:17,5,Democrat threat prevent level affect her style.
User_879,User_883,2023-07-02 08:56:30,54,Section agree policy itself care door cover.
User_199,User_263,2021-05-04 04:29:41,80,Lose final upon.
User_918,User_1113,2020-06-15 07:49:07,30,Happen three since check green view.
User_537,User_774,2021-01-02 13:38:19,94,Policy party third town.
User_231,User_169,2023-02-18 04:31:58,32,Contain attack radio start.
User_211,User_676,2022-01-07 19:45:22,64,Affect arrive per traditional would these.
User_1082,User_1191,2021-10-04 05:00:53,31,Major fund end.
User_1119,User_74,2024-03-24 07:45:22,13,Debate have hair your morning.
User_979,User_602,2022-03-28 06:57:31,76,Purpose yeah region every talk career develop.
User_615,User_558,2023-03-31 07:31:47,51,Cup true mind whole operation room show.
User_165,User_899,2020-01-10 18:03:51,100,Picture season why and card rise.
User_1142,User_535,2022-01-17 10:47:43,91,Current improve arm garden.
User_610,User_910,2021-08-28 19:00:59,66,Entire receive hope member data network.
User_715,User_86,2023-07-12 14:57:19,43,Indicate less consider wonder level it.
User_778,User_557,2023-05-01 19:49:34,3,Make begin share like far.
User_932,User_156,2023-09-23 17:53:56,18,Husband we another career than become.
User_202,User_1066,2020-08-26 09:20:34,47,Usually source bag rule.
User_1025,User_441,2021-06-17 19:50:39,27,Popular front when from apply ready more anyone.
User_1151,User_852,2021-04-03 22:09:43,51,Personal hot occur.
User_577,User_146,2022-09-09 15:49:20,9,Design but official leader until affect.
User_783,User_761,2021-01-19 03:19:15,22,Season fire expect trouble focus because.
User_908,User_364,2023-06-13 18:37:37,70,Able road pattern occur data.
User_1105,User_641,2022-12-21 13:15:20,72,Ability north threat many lay.
User_162,User_1080,2020-05-09 11:16:32,8,Practice standard structure third foreign your.
User_465,User_1059,2021-06-10 07:02:27,6,Building issue listen maintain.
User_1003,User_967,2022-12-27 08:58:26,21,Real carry statement sound.
User_142,User_1238,2020-12-29 20:48:06,74,Pretty particularly senior result call area.
User_194,User_719,2021-07-18 09:58:37,9,Three shake population boy better national.
User_488,User_315,2020-07-01 21:08:18,67,Visit technology national according letter.
User_321,User_901,2023-07-17 00:14:17,47,Country seem protect information find eat draw together.
User_1222,User_441,2023-10-21 02:25:59,3,Marriage play staff better east side audience.
User_1014,User_1032,2022-05-19 04:36:23,89,Vote see protect stay.
User_1204,User_258,2020-11-14 13:13:24,3,Us actually up their face hit way.
User_881,User_1066,2022-11-18 14:01:43,38,Those sure interview wife continue series finish only.
User_64,User_226,2021-12-20 18:10:16,4,By she event part above the human.
User_883,User_396,2020-01-07 16:54:16,84,Only black happen although determine toward church onto.
User_782,User_474,2021-03-19 18:34:54,16,Story somebody run six.
User_735,User_987,2023-11-16 19:34:05,58,Stock include meeting beat.
User_159,User_231,2023-01-30 23:54:05,71,Really similar suggest save interesting.
User_538,User_520,2023-12-06 01:46:04,70,Force discussion seek house.
User_1041,User_496,2023-12-07 17:54:23,23,Reveal present position movement list listen.
User_195,User_60,2022-01-12 22:04:59,12,Per poor religious share contain the anyone.
User_865,User_496,2021-01-27 18:42:24,92,Degree occur majority face weight.
User_563,User_860,2020-06-22 16:37:51,56,Many range wide indicate really.
User_737,User_535,2020-08-24 22:42:12,27,Social red get prevent against level writer performance.
User_1054,User_52,2022-10-27 04:05:53,90,Development push I decade enter industry say seek.
User_183,User_1074,2022-09-29 04:01:41,99,Science model box him.
User_42,User_273,2020-03-30 01:25:49,25,Gun onto power husband wonder could friend.
User_269,User_14,2020-05-26 00:02:53,94,Enough approach region mind place manage.
User_1,User_399,2022-11-20 10:57:58,32,Yet audience day far when space.
User_687,User_1065,2023-08-21 00:28:45,5,Response spring hit.
User_83,User_959,2023-07-26 23:11:32,86,Challenge nature amount field ball very shake.
User_574,User_639,2023-10-19 01:43:53,66,Marriage so politics ever may rock admit.
User_380,User_828,2024-03-26 12:23:08,51,Term matter success exactly follow class we.
User_819,User_976,2020-12-26 13:36:57,75,Sometimes pick into what.
User_377,User_1101,2021-07-23 09:09:57,58,Bring throughout shake interesting subject.
User_865,User_709,2020-07-23 05:10:26,69,Road such major hear bed.
User_864,User_1237,2021-11-25 22:34:54,29,Bank miss public return reveal.
User_966,User_35,2024-03-12 16:34:48,38,Crime hair size suffer mother.
User_405,User_1089,2022-11-27 18:24:05,67,Try imagine continue project network sound kind.
User_1171,User_1150,2022-10-04 13:24:00,1,Into drug open article success explain allow.
User_476,User_228,2022-01-28 14:45:26,74,Hotel situation brother song even source.
User_1243,User_915,2023-07-02 04:33:14,24,Future PM either challenge discuss.
User_472,User_84,2022-08-22 23:40:05,66,Interview ready production there should.
User_1210,User_1002,2022-01-11 12:02:57,25,Official consumer lot recognize dream.
User_664,User_1132,2023-09-22 20:54:20,36,Practice newspaper pay worker.
User_1215,User_697,2022-08-05 17:52:25,86,Have what lose effort create again.
User_25,User_235,2023-08-10 02:08:25,96,School beautiful star us myself military.
User_909,User_496,2024-02-27 03:25:16,51,Loss understand report late choose.
User_334,User_177,2020-11-19 12:25:40,26,Bank pay it pretty.
User_428,User_112,2020-01-12 19:31:16,13,Case cover Congress instead role line account seek.
User_191,User_632,2023-11-11 01:47:07,5,Outside fish say same consider.
User_881,User_1176,2023-10-07 20:22:04,27,Six free thousand miss.
User_475,User_744,2022-08-18 20:58:31,67,Third recently million leg particularly we.
User_513,User_692,2022-07-02 14:00:20,81,Hotel accept seem while suddenly water up.
User_620,User_346,2022-06-26 08:05:13,3,Four least fine listen stop number main this.
User_322,User_692,2022-11-23 11:03:15,2,Food until work.
User_478,User_1108,2023-11-11 03:56:45,61,Do his move increase.
User_1001,User_1126,2020-06-21 03:43:08,78,Development apply character.
User_586,User_1062,2022-04-27 08:40:23,52,Above cold information operation stay.
User_1133,User_763,2022-01-15 18:47:38,66,Today degree seek.
User_1180,User_397,2024-03-26 02:26:30,81,Focus strategy hair social expect.
User_154,User_348,2020-07-30 08:24:54,81,Building follow teach old third billion.
User_920,User_1055,2020-11-06 10:20:17,1,Majority tend continue federal people energy network sign.
User_29,User_190,2023-04-19 18:13:41,29,Meet thus hour center moment that whatever.
User_69,User_267,2021-06-05 16:22:55,82,Authority market door upon head standard.
User_660,User_579,2020-02-11 05:38:36,92,Safe pass enjoy short throughout when.
User_81,User_972,2020-02-15 09:37:40,47,Subject safe education course.
User_348,User_145,2022-08-09 09:27:51,11,Player fund have.
User_597,User_840,2022-07-05 15:19:02,11,Without change data those set phone.
User_1097,User_393,2021-01-03 21:01:09,34,Hospital as sport approach.
User_1041,User_106,2024-03-04 03:25:11,54,Force even support much themselves man old.
User_115,User_830,2020-06-11 00:50:00,23,Ok rise least southern.
User_252,User_1114,2023-08-13 23:33:05,38,Or dark around huge.
User_1029,User_747,2022-07-09 12:41:47,68,Explain professional pretty.
User_434,User_447,2023-03-05 09:32:49,86,Person war under large security apply.
User_1105,User_1173,2024-02-20 11:15:30,43,Blue sure hotel reflect artist it keep.
User_724,User_1194,2021-04-15 20:50:15,25,Discussion most on year few.
User_1103,User_1232,2023-04-01 00:46:41,99,Little whose discussion professor.
User_1206,User_302,2020-08-01 09:12:22,19,Teacher practice service your west million.
User_191,User_788,2021-06-20 15:19:26,37,Stage resource she wife western produce mention former.
User_466,User_854,2022-11-18 14:21:17,63,It nothing design take market.
User_452,User_337,2022-01-26 10:03:54,76,According set watch about reflect power.
User_47,User_565,2022-04-28 06:10:27,95,National season foreign throughout movie.
User_299,User_543,2022-04-06 14:19:55,44,Total should teacher political how.
User_955,User_722,2022-01-05 00:44:53,19,Tv while operation discussion certainly minute win.
User_9,User_1050,2021-12-11 15:08:36,87,How away together face Mrs single majority.
User_993,User_404,2022-10-20 12:19:42,65,Recent window though great movie.
User_1146,User_1243,2023-07-11 14:56:29,66,Tend there dream election.
User_1233,User_345,2023-01-04 10:42:50,38,Common model find to candidate several.
User_819,User_386,2023-08-11 13:21:40,73,Free mean yeah continue everyone.
User_491,User_1100,2020-03-12 18:31:32,79,Contain them itself.
User_440,User_332,2022-09-25 18:38:06,60,Democratic company just food plan under.
User_818,User_116,2020-02-12 01:54:34,80,Among second public get size leader long.
User_666,User_809,2020-06-05 13:57:48,49,Subject leg but I.
User_1021,User_66,2020-01-20 07:09:36,65,Benefit those alone ago admit ready develop few.
User_904,User_270,2023-11-01 10:11:24,14,Some offer miss stay off itself here during.
User_149,User_389,2023-11-20 23:14:32,98,Fire several number.
User_449,User_610,2022-07-12 22:00:23,56,Arm position together attorney area once serious.
User_1143,User_819,2020-08-25 12:34:09,32,Sea step case political loss beautiful through.
User_703,User_363,2022-07-26 16:19:05,10,Card live state summer even class most.
User_1028,User_1173,2024-01-10 08:29:19,8,News join others likely wind.
User_977,User_783,2020-04-23 22:41:11,81,Must lawyer two.
User_21,User_950,2020-05-21 03:06:56,40,Operation material include officer list light nearly.
User_703,User_546,2023-08-28 00:48:32,91,Consumer four this.
User_1077,User_295,2020-08-09 02:45:18,4,Resource key before buy.
User_1238,User_673,2023-01-14 21:25:01,21,Once subject interview dream yourself present old.
User_976,User_241,2022-10-26 01:18:18,18,Garden company she admit.
User_848,User_275,2020-01-17 12:01:29,81,Democratic challenge goal soon talk provide pick single.
User_707,User_956,2024-03-25 21:04:33,78,Then dark past table analysis yet child.
User_12,User_143,2021-09-17 13:58:38,45,Choose window onto girl somebody although four.
User_569,User_158,2023-12-18 17:24:27,37,Space Democrat start start start.
User_73,User_184,2022-06-26 18:18:27,65,Current message attack once book body.
User_114,User_1141,2021-12-09 20:30:39,19,Education enough far recently thank begin loss.
User_589,User_845,2023-04-28 05:42:37,62,Prevent during cut would smile fast.
User_236,User_494,2020-05-23 04:08:20,15,Head little lead size sign as.
User_446,User_997,2021-03-13 19:08:26,62,Clearly subject eight.
User_417,User_728,2022-06-16 17:37:50,12,Officer foreign husband sort.
User_52,User_1166,2020-07-02 01:36:13,13,Really chair amount but key view bag.
User_1108,User_906,2023-03-27 01:27:57,44,Report Democrat nearly also approach.
User_787,User_829,2022-08-31 10:46:52,94,Find each eye.
User_578,User_207,2021-12-09 06:58:52,98,Next evidence deep guy do product side.
User_134,User_752,2024-03-06 00:23:50,26,Current wall recently.
User_780,User_518,2024-03-03 15:24:25,43,Great Mr right will central past cover Democrat.
User_303,User_1001,2023-03-05 01:01:45,57,Attention play address.
User_176,User_681,2023-08-31 11:12:24,86,Their claim involve.
User_432,User_58,2020-07-29 15:43:00,59,Lose our side stay trade popular people.
User_680,User_18,2022-12-03 21:25:40,69,Bring compare enough hear party property nature.
User_491,User_600,2023-08-21 18:43:32,38,Defense effort north Republican treat year.
User_802,User_999,2023-09-18 23:59:40,46,Hour politics serious begin let.
User_914,User_1163,2021-06-24 18:30:41,30,Product guy staff party especially eight.
User_831,User_1165,2023-11-27 19:47:16,83,Manage end however no quality.
User_1069,User_441,2022-01-11 19:17:20,60,Nature boy left season parent huge talk.
User_344,User_2,2023-02-09 14:17:03,58,Forget western art generation population.
User_893,User_30,2022-08-15 02:59:09,57,On key business current run simple reduce.
User_1157,User_71,2021-08-21 23:41:09,17,Attention second perhaps senior surface detail.
User_226,User_50,2020-05-08 21:02:27,55,Customer bed PM much girl.
User_314,User_649,2021-06-28 20:31:33,19,Individual city his throw time.
User_261,User_189,2020-08-10 11:34:23,94,Court benefit material two recent skin.
User_1207,User_1002,2024-01-25 20:02:38,48,Concern several debate identify.
User_659,User_92,2023-02-15 17:23:30,33,Will fear bit however wind.
User_724,User_916,2022-01-12 08:56:41,14,Rule meet friend.
User_839,User_694,2021-08-26 05:38:10,15,Face growth number a continue.
User_495,User_431,2020-07-05 05:17:00,74,Free paper again blood serious statement.
User_1020,User_361,2022-04-24 01:43:44,53,Move newspaper sport.
User_460,User_718,2022-11-13 13:00:19,89,Together last energy spend sister.
User_509,User_321,2021-11-11 19:34:27,11,Attorney course maintain black military leader nice.
User_424,User_259,2022-03-08 16:38:56,59,Movie someone economic win market tend.
User_393,User_73,2022-12-16 02:51:58,63,Including single job movie weight prevent blue.
User_768,User_467,2020-03-15 18:57:03,3,Total source their teach share serious nice international.
User_570,User_253,2022-04-29 11:29:13,33,Computer adult son machine.
User_1046,User_985,2020-06-20 00:32:07,37,Population performance thus edge stay mind action modern.
User_371,User_580,2022-10-14 01:29:42,71,Call try letter effort seek teach.
User_631,User_1218,2023-04-01 11:51:26,94,Green wear score anyone sea.
User_981,User_538,2022-01-18 07:18:47,3,Section family skin too also range such.
User_1063,User_919,2023-02-17 21:47:53,89,Because experience husband thousand arm.
User_993,User_1111,2022-06-14 16:11:00,72,Contain I worry employee together beautiful.
User_83,User_242,2022-05-25 21:32:42,76,Wrong citizen ahead should however.
User_1006,User_884,2020-07-31 21:13:36,61,Always vote total still budget somebody.
User_1110,User_231,2022-06-16 00:18:23,79,Animal present already machine piece.
User_240,User_436,2023-08-14 22:14:50,58,Always ahead debate perhaps.
User_582,User_639,2022-04-28 13:12:59,82,Sport we current already heart expect subject teach.
User_108,User_554,2020-08-02 15:17:58,9,Among outside customer whole would rule.
User_437,User_954,2021-08-10 20:00:09,44,Bring administration fire base magazine.
User_767,User_605,2021-07-24 01:29:59,86,Thank ball authority past senior bit knowledge.
User_1047,User_409,2022-03-18 08:26:27,50,Hear world wonder recently wonder.
User_1096,User_968,2024-03-04 20:37:59,58,Authority race Democrat travel authority.
User_1207,User_763,2021-07-18 07:50:49,10,Approach training main many assume line.
User_1188,User_638,2023-02-17 00:15:00,37,People model southern account true.
User_648,User_96,2023-11-07 00:09:02,3,At probably cultural occur understand.
User_1062,User_1078,2023-06-29 23:07:49,87,Impact say table recognize sit.
User_456,User_709,2020-04-07 04:43:09,47,Pull level compare know someone community main.
User_358,User_304,2021-01-02 18:10:20,63,Personal agreement someone.
User_1062,User_663,2023-08-02 19:37:46,27,Rise next fall.
User_404,User_374,2020-10-08 18:42:17,27,Available million know matter chance item store.
User_408,User_213,2021-09-11 08:12:28,69,Beat marriage she respond physical yard.
User_795,User_873,2024-01-21 00:52:05,3,Dinner hot son offer nice him.
User_1233,User_1064,2022-03-29 02:45:26,47,Actually dark old candidate board language.
User_1134,User_791,2021-03-02 05:43:18,67,First movie none single former trip behavior cup.
User_933,User_382,2020-10-01 02:50:04,71,Ability rest at space.
User_793,User_17,2022-03-30 04:03:35,53,Dog order Mr also raise professor old.
User_105,User_878,2021-06-21 15:24:07,38,Idea charge kitchen pass former material however.
User_295,User_665,2021-11-19 14:29:53,78,Art majority role if.
User_1107,User_714,2022-11-10 06:52:51,72,Agree about yourself thus national reduce opportunity as.
User_1186,User_200,2020-05-11 15:57:50,3,Political receive level one face color home.
User_384,User_521,2022-06-23 08:03:44,20,Such coach trial Mr.
User_47,User_96,2020-06-13 03:51:10,53,Side seek become lot require able require.
User_921,User_148,2023-10-14 20:43:09,15,Long as nothing song under beautiful.
User_603,User_1085,2022-07-13 23:52:37,24,Company produce indicate stay space rise according.
User_622,User_799,2022-07-15 15:57:58,3,Federal smile author behind letter example as.
User_1113,User_979,2022-02-26 01:01:57,50,Today find instead quality.
User_1039,User_406,2021-09-17 18:36:15,100,Amount deep since around then beat human.
User_482,User_319,2020-01-05 17:39:23,37,Of way difference half prevent between offer image.
User_1246,User_682,2021-06-24 16:05:06,49,Street oil join defense standard game.
User_166,User_353,2023-02-04 23:50:34,13,Would house despite.
User_887,User_603,2022-08-07 16:09:50,79,Risk election heart.
User_837,User_165,2022-10-26 23:08:23,7,Vote institution choice good different.
User_495,User_788,2020-10-26 17:15:27,52,Measure research daughter decision nation while majority.
User_958,User_674,2021-04-17 21:20:36,17,Machine onto treatment build claim.
User_1215,User_524,2023-09-06 20:01:52,68,Social culture word child continue car yet.
User_453,User_435,2023-01-21 01:58:22,11,Authority sing identify.
User_1189,User_1141,2020-07-06 18:33:23,75,Opportunity contain head soon.
User_682,User_549,2020-01-25 21:23:48,7,Watch ago theory out.
User_147,User_660,2020-05-19 18:07:41,61,Discussion away help decide public political production.
User_57,User_1238,2024-02-03 08:18:13,68,Color ability area be foreign.
User_537,User_1095,2021-03-15 02:53:36,64,Item lead room to speak face.
User_452,User_473,2022-12-28 10:57:51,100,Up course name make any painting.
User_1238,User_199,2021-07-22 13:53:58,7,Upon seek firm result scientist.
User_319,User_1218,2022-06-20 05:25:08,38,Process understand arm continue.
User_129,User_98,2021-05-21 23:23:39,1,Enjoy TV dream hope surface.
User_348,User_528,2022-02-15 00:14:20,98,Prove only task situation large parent exactly.
User_261,User_783,2020-12-09 19:31:31,48,Exactly politics green art traditional.
User_185,User_898,2021-12-02 23:52:24,9,Religious compare person.
User_502,User_1248,2023-11-16 10:29:16,54,Response project message general act despite organization.
User_1113,User_508,2021-10-29 23:22:39,79,Hospital prevent teach will body.
User_483,User_193,2020-03-19 07:11:58,99,Clear down couple rather program central family.
User_1209,User_319,2023-04-25 03:10:49,51,Myself arm set son cause.
User_531,User_1004,2023-06-04 13:47:36,71,Parent store approach study experience everybody dinner.
User_969,User_888,2021-01-20 17:19:37,59,Your heart different theory finish.
User_1055,User_406,2023-06-12 19:44:19,99,Campaign glass suffer break.
User_1009,User_194,2021-10-28 10:38:32,21,Size break apply conference.
User_622,User_765,2022-09-26 05:19:52,4,Final along marriage lawyer.
User_273,User_1060,2024-01-09 09:36:53,73,Fight few guy paper none.
User_78,User_1182,2021-01-09 11:14:38,93,Land plant PM too red.
User_205,User_1135,2022-10-26 08:32:55,51,Answer drug become low defense song.
User_947,User_184,2021-09-25 20:43:50,24,Behind federal against age.
User_123,User_853,2020-02-09 05:25:14,27,Laugh war part through.
User_1121,User_1177,2023-06-03 05:13:48,31,Report Mrs happy take network idea.
User_405,User_514,2023-05-26 02:38:24,21,Wind fill style response.
User_340,User_462,2021-01-24 06:54:47,26,Address likely ok organization culture.
User_871,User_855,2023-10-12 01:30:34,1,General become it lose tough suffer edge.
User_192,User_1145,2023-01-13 03:00:45,41,Poor understand son Mr activity.
User_1072,User_1194,2022-09-10 15:02:46,83,Building he meet.
User_1053,User_1187,2021-12-20 10:49:01,65,Still traditional agent shake.
User_557,User_667,2024-03-05 09:13:23,46,Production work final.
User_504,User_400,2023-04-04 02:04:28,67,Act medical office everybody drive too.
User_857,User_438,2021-03-02 02:15:46,52,Adult doctor sometimes stuff.
User_812,User_360,2021-03-13 03:09:57,60,Crime capital behind project.
User_816,User_178,2020-07-13 22:59:02,60,Blue guess section attention reveal.
User_1042,User_388,2021-02-28 16:17:25,45,Cultural partner me thank.
User_1244,User_1112,2023-09-12 20:44:21,36,Modern far least stay owner find agree.
User_921,User_1195,2023-11-13 17:29:18,19,Mr visit anything.
User_844,User_56,2023-10-22 00:43:38,78,Vote cell offer political.
User_773,User_1242,2020-01-25 20:55:44,64,So rich miss wonder.
User_443,User_675,2020-04-12 17:12:54,86,Decision several rock page try dog same.
User_664,User_553,2020-04-17 16:19:21,78,Law require radio event act ability.
User_308,User_287,2022-09-11 14:23:23,81,Voice offer according girl yet form.
User_310,User_212,2022-12-07 07:36:06,23,Color course best receive.
User_88,User_154,2020-09-25 19:36:08,26,Hard study simply cut quite best.
User_295,User_1047,2020-02-28 13:15:53,89,Lead improve responsibility manage hair home.
User_246,User_921,2021-10-21 17:03:06,70,Young step material give show need.
User_1080,User_827,2021-06-29 23:53:46,24,Hot happy yard board some.
User_795,User_565,2023-07-18 20:36:20,54,By education market check administration old born.
User_948,User_367,2022-08-16 11:36:21,27,Beat knowledge term read meeting local.
User_261,User_1028,2020-07-08 12:39:10,95,Or minute project peace keep stand week debate.
User_659,User_1144,2021-06-07 23:27:30,25,Drop same keep never trial others.
User_1238,User_846,2020-07-04 14:49:44,55,Speech language include.
User_1066,User_213,2021-07-29 14:35:33,65,Subject he face appear finally mind light write.
User_310,User_292,2022-10-24 00:43:43,100,These source if whether movie.
User_648,User_239,2023-09-24 00:43:48,11,Also box morning degree cell usually dinner determine.
User_148,User_239,2022-04-01 03:41:22,18,Meeting out point attention kitchen responsibility.
User_365,User_971,2022-01-30 17:52:30,82,Guy test truth positive employee still seat.
