ID,Name,Description,Followers,Topics,Posts
Hobby_0,Deportes,Practicar deportes es una actividad física que involucra competencia o recreación.,"['User_2', 'User_26', 'User_47', 'User_54', 'User_61', 'User_90', 'User_97', 'User_100', 'User_138', 'User_143', 'User_165', 'User_169', 'User_171', 'User_201', 'User_205', 'User_206', 'User_217', 'User_236', 'User_245', 'User_292', 'User_305', 'User_321', 'User_334', 'User_335', 'User_336', 'User_349', 'User_370', 'User_371', 'User_382', 'User_399', 'User_413', 'User_429', 'User_432', 'User_449', 'User_470', 'User_478', 'User_486', 'User_496', 'User_497', 'User_504', 'User_507', 'User_519', 'User_543', 'User_547', 'User_589', 'User_610', 'User_611', 'User_614', 'User_616', 'User_642', 'User_643', 'User_646', 'User_654', 'User_656', 'User_670', 'User_684', 'User_703', 'User_746', 'User_754', 'User_755', 'User_756', 'User_770', 'User_777', 'User_786', 'User_787', 'User_789', 'User_797', 'User_813', 'User_834', 'User_835', 'User_845', 'User_863', 'User_872', 'User_877', 'User_879', 'User_880', 'User_883', 'User_916', 'User_920', 'User_929', 'User_933', 'User_953', 'User_963', 'User_964', 'User_985', 'User_988', 'User_995', 'User_1009', 'User_1036', 'User_1039', 'User_1055', 'User_1088', 'User_1097', 'User_1108', 'User_1146', 'User_1153', 'User_1180', 'User_1183', 'User_1186', 'User_1193', 'User_1198', 'User_1200', 'User_1209', 'User_1219', 'User_1222', 'User_1230', 'User_1237', 'User_1244']","['Fútbol', 'Baloncesto', 'Natación', 'Tenis', 'Atletismo']","['Post_3', 'Post_16', 'Post_19', 'Post_29', 'Post_42', 'Post_56', 'Post_57', 'Post_60', 'Post_80', 'Post_81', 'Post_90', 'Post_100', 'Post_104', 'Post_135', 'Post_137', 'Post_138', 'Post_147', 'Post_150', 'Post_156', 'Post_157', 'Post_160', 'Post_167', 'Post_184', 'Post_190', 'Post_193', 'Post_199', 'Post_246', 'Post_252', 'Post_263', 'Post_282', 'Post_289', 'Post_293', 'Post_296', 'Post_322', 'Post_323', 'Post_336', 'Post_340', 'Post_364', 'Post_365', 'Post_372', 'Post_386', 'Post_404', 'Post_408', 'Post_444', 'Post_459', 'Post_463', 'Post_473', 'Post_474', 'Post_475', 'Post_483', 'Post_484', 'Post_485', 'Post_500', 'Post_508', 'Post_514', 'Post_519', 'Post_534', 'Post_540', 'Post_560', 'Post_580', 'Post_584', 'Post_601', 'Post_604', 'Post_606', 'Post_607', 'Post_618', 'Post_632', 'Post_637', 'Post_638', 'Post_640', 'Post_651', 'Post_653', 'Post_658', 'Post_661', 'Post_663', 'Post_665', 'Post_671', 'Post_675', 'Post_680', 'Post_683', 'Post_698', 'Post_705', 'Post_718', 'Post_723', 'Post_727', 'Post_729', 'Post_740', 'Post_746', 'Post_750', 'Post_757', 'Post_767', 'Post_783', 'Post_784', 'Post_785', 'Post_792', 'Post_807', 'Post_818', 'Post_823', 'Post_829', 'Post_830', 'Post_843', 'Post_861', 'Post_870', 'Post_872', 'Post_885', 'Post_894', 'Post_899', 'Post_912', 'Post_927', 'Post_952', 'Post_960', 'Post_967', 'Post_973', 'Post_981', 'Post_994', 'Post_1011', 'Post_1016', 'Post_1020', 'Post_1022', 'Post_1027', 'Post_1033', 'Post_1041', 'Post_1056', 'Post_1069', 'Post_1071', 'Post_1073', 'Post_1087', 'Post_1091', 'Post_1101', 'Post_1102', 'Post_1108', 'Post_1123', 'Post_1157', 'Post_1161', 'Post_1186', 'Post_1187', 'Post_1189', 'Post_1193', 'Post_1195', 'Post_1199', 'Post_1201', 'Post_1204', 'Post_1240']"
Hobby_1,Musica,La música es una forma de arte que utiliza sonidos organizados en el tiempo.,"['User_3', 'User_28', 'User_58', 'User_65', 'User_83', 'User_93', 'User_111', 'User_121', 'User_123', 'User_129', 'User_139', 'User_140', 'User_142', 'User_155', 'User_164', 'User_170', 'User_174', 'User_177', 'User_179', 'User_189', 'User_200', 'User_203', 'User_204', 'User_220', 'User_249', 'User_267', 'User_269', 'User_276', 'User_281', 'User_288', 'User_290', 'User_301', 'User_306', 'User_319', 'User_328', 'User_345', 'User_348', 'User_356', 'User_359', 'User_362', 'User_369', 'User_377', 'User_384', 'User_403', 'User_404', 'User_422', 'User_424', 'User_440', 'User_442', 'User_453', 'User_455', 'User_457', 'User_463', 'User_492', 'User_494', 'User_495', 'User_498', 'User_521', 'User_526', 'User_529', 'User_533', 'User_540', 'User_544', 'User_549', 'User_557', 'User_563', 'User_566', 'User_571', 'User_576', 'User_577', 'User_597', 'User_612', 'User_613', 'User_617', 'User_691', 'User_696', 'User_709', 'User_731', 'User_751', 'User_758', 'User_765', 'User_768', 'User_828', 'User_837', 'User_859', 'User_866', 'User_874', 'User_896', 'User_899', 'User_909', 'User_938', 'User_942', 'User_951', 'User_957', 'User_975', 'User_981', 'User_996', 'User_1011', 'User_1016', 'User_1024', 'User_1028', 'User_1044', 'User_1049', 'User_1066', 'User_1077', 'User_1092', 'User_1100', 'User_1113', 'User_1134', 'User_1135', 'User_1138', 'User_1154', 'User_1155', 'User_1165', 'User_1166', 'User_1171', 'User_1176', 'User_1179', 'User_1204', 'User_1210', 'User_1238', 'User_1248']","['Rock', 'Pop', 'Jazz', 'Clásica', 'Electrónica']","['Post_2', 'Post_7', 'Post_9', 'Post_10', 'Post_20', 'Post_37', 'Post_40', 'Post_46', 'Post_48', 'Post_52', 'Post_92', 'Post_108', 'Post_109', 'Post_115', 'Post_120', 'Post_133', 'Post_149', 'Post_185', 'Post_189', 'Post_191', 'Post_195', 'Post_211', 'Post_219', 'Post_226', 'Post_228', 'Post_240', 'Post_242', 'Post_267', 'Post_269', 'Post_272', 'Post_273', 'Post_275', 'Post_279', 'Post_284', 'Post_317', 'Post_329', 'Post_331', 'Post_339', 'Post_341', 'Post_347', 'Post_354', 'Post_369', 'Post_376', 'Post_380', 'Post_381', 'Post_394', 'Post_397', 'Post_402', 'Post_416', 'Post_417', 'Post_419', 'Post_424', 'Post_427', 'Post_436', 'Post_437', 'Post_446', 'Post_468', 'Post_471', 'Post_499', 'Post_507', 'Post_522', 'Post_526', 'Post_544', 'Post_545', 'Post_572', 'Post_582', 'Post_609', 'Post_610', 'Post_660', 'Post_672', 'Post_682', 'Post_694', 'Post_721', 'Post_724', 'Post_731', 'Post_774', 'Post_777', 'Post_782', 'Post_811', 'Post_812', 'Post_813', 'Post_815', 'Post_822', 'Post_835', 'Post_851', 'Post_860', 'Post_865', 'Post_882', 'Post_886', 'Post_887', 'Post_888', 'Post_890', 'Post_898', 'Post_905', 'Post_908', 'Post_910', 'Post_918', 'Post_923', 'Post_936', 'Post_939', 'Post_942', 'Post_943', 'Post_956', 'Post_958', 'Post_961', 'Post_963', 'Post_968', 'Post_977', 'Post_993', 'Post_995', 'Post_1005', 'Post_1024', 'Post_1028', 'Post_1049', 'Post_1052', 'Post_1059', 'Post_1060', 'Post_1067', 'Post_1088', 'Post_1106', 'Post_1114', 'Post_1135', 'Post_1156', 'Post_1167', 'Post_1176', 'Post_1197', 'Post_1214', 'Post_1221', 'Post_1229', 'Post_1235', 'Post_1247']"
Hobby_2,Entretenimiento,El entretenimiento es cualquier actividad que ofrece diversión o placer.,"['User_4', 'User_5', 'User_7', 'User_10', 'User_14', 'User_15', 'User_46', 'User_50', 'User_56', 'User_64', 'User_76', 'User_80', 'User_103', 'User_116', 'User_119', 'User_124', 'User_145', 'User_153', 'User_173', 'User_181', 'User_182', 'User_195', 'User_197', 'User_214', 'User_219', 'User_225', 'User_230', 'User_255', 'User_256', 'User_260', 'User_270', 'User_272', 'User_298', 'User_341', 'User_350', 'User_354', 'User_375', 'User_386', 'User_392', 'User_397', 'User_425', 'User_426', 'User_428', 'User_431', 'User_433', 'User_436', 'User_439', 'User_451', 'User_452', 'User_464', 'User_465', 'User_481', 'User_491', 'User_499', 'User_501', 'User_506', 'User_516', 'User_564', 'User_568', 'User_594', 'User_600', 'User_605', 'User_619', 'User_633', 'User_635', 'User_651', 'User_663', 'User_671', 'User_706', 'User_718', 'User_719', 'User_725', 'User_727', 'User_741', 'User_742', 'User_764', 'User_769', 'User_790', 'User_791', 'User_801', 'User_810', 'User_811', 'User_814', 'User_815', 'User_821', 'User_825', 'User_826', 'User_831', 'User_867', 'User_868', 'User_886', 'User_891', 'User_897', 'User_912', 'User_925', 'User_934', 'User_945', 'User_947', 'User_949', 'User_962', 'User_966', 'User_980', 'User_986', 'User_1003', 'User_1019', 'User_1021', 'User_1081', 'User_1083', 'User_1094', 'User_1099', 'User_1101', 'User_1120', 'User_1139', 'User_1168', 'User_1184', 'User_1187', 'User_1189', 'User_1216', 'User_1239', 'User_1245']","['Cine', 'Teatro', 'Televisión', 'Música en vivo', 'Eventos deportivos']","['Post_8', 'Post_26', 'Post_35', 'Post_44', 'Post_45', 'Post_53', 'Post_69', 'Post_72', 'Post_74', 'Post_84', 'Post_85', 'Post_94', 'Post_97', 'Post_102', 'Post_129', 'Post_153', 'Post_158', 'Post_159', 'Post_174', 'Post_204', 'Post_209', 'Post_224', 'Post_230', 'Post_233', 'Post_235', 'Post_251', 'Post_254', 'Post_259', 'Post_261', 'Post_294', 'Post_300', 'Post_308', 'Post_313', 'Post_346', 'Post_349', 'Post_350', 'Post_361', 'Post_363', 'Post_379', 'Post_388', 'Post_393', 'Post_418', 'Post_430', 'Post_440', 'Post_443', 'Post_452', 'Post_453', 'Post_456', 'Post_487', 'Post_492', 'Post_493', 'Post_509', 'Post_530', 'Post_531', 'Post_539', 'Post_579', 'Post_600', 'Post_619', 'Post_621', 'Post_622', 'Post_629', 'Post_652', 'Post_691', 'Post_692', 'Post_693', 'Post_701', 'Post_704', 'Post_709', 'Post_717', 'Post_743', 'Post_748', 'Post_753', 'Post_755', 'Post_762', 'Post_768', 'Post_780', 'Post_795', 'Post_801', 'Post_806', 'Post_821', 'Post_841', 'Post_842', 'Post_844', 'Post_853', 'Post_866', 'Post_878', 'Post_891', 'Post_915', 'Post_921', 'Post_924', 'Post_931', 'Post_933', 'Post_935', 'Post_937', 'Post_986', 'Post_989', 'Post_1000', 'Post_1003', 'Post_1004', 'Post_1038', 'Post_1076', 'Post_1079', 'Post_1090', 'Post_1093', 'Post_1097', 'Post_1120', 'Post_1126', 'Post_1129', 'Post_1143', 'Post_1151', 'Post_1155', 'Post_1160', 'Post_1171', 'Post_1180', 'Post_1182', 'Post_1190', 'Post_1200', 'Post_1211', 'Post_1222', 'Post_1227']"
Hobby_3,Farandula,La farándula se refiere al mundo del espectáculo y del entretenimiento.,"['User_8', 'User_21', 'User_41', 'User_48', 'User_53', 'User_59', 'User_63', 'User_95', 'User_110', 'User_122', 'User_131', 'User_137', 'User_141', 'User_148', 'User_157', 'User_168', 'User_184', 'User_188', 'User_192', 'User_193', 'User_194', 'User_199', 'User_215', 'User_226', 'User_227', 'User_231', 'User_253', 'User_266', 'User_278', 'User_295', 'User_320', 'User_324', 'User_339', 'User_347', 'User_351', 'User_360', 'User_374', 'User_385', 'User_389', 'User_409', 'User_417', 'User_430', 'User_454', 'User_456', 'User_477', 'User_483', 'User_489', 'User_524', 'User_537', 'User_538', 'User_546', 'User_582', 'User_588', 'User_592', 'User_593', 'User_599', 'User_603', 'User_604', 'User_609', 'User_630', 'User_641', 'User_661', 'User_664', 'User_677', 'User_686', 'User_693', 'User_694', 'User_705', 'User_715', 'User_723', 'User_792', 'User_802', 'User_827', 'User_839', 'User_853', 'User_857', 'User_858', 'User_860', 'User_861', 'User_865', 'User_904', 'User_913', 'User_926', 'User_939', 'User_943', 'User_944', 'User_969', 'User_987', 'User_1000', 'User_1004', 'User_1006', 'User_1013', 'User_1027', 'User_1045', 'User_1052', 'User_1054', 'User_1057', 'User_1059', 'User_1068', 'User_1069', 'User_1070', 'User_1086', 'User_1093', 'User_1095', 'User_1112', 'User_1149', 'User_1159', 'User_1163', 'User_1202']","['Actuación', 'Música', 'Cine', 'Televisión', 'Moda']","['Post_1', 'Post_4', 'Post_18', 'Post_27', 'Post_31', 'Post_32', 'Post_41', 'Post_49', 'Post_73', 'Post_83', 'Post_105', 'Post_117', 'Post_127', 'Post_141', 'Post_142', 'Post_171', 'Post_175', 'Post_187', 'Post_194', 'Post_196', 'Post_198', 'Post_203', 'Post_214', 'Post_218', 'Post_222', 'Post_262', 'Post_265', 'Post_274', 'Post_276', 'Post_302', 'Post_307', 'Post_310', 'Post_312', 'Post_324', 'Post_328', 'Post_332', 'Post_351', 'Post_367', 'Post_391', 'Post_407', 'Post_410', 'Post_426', 'Post_428', 'Post_433', 'Post_435', 'Post_441', 'Post_450', 'Post_460', 'Post_462', 'Post_467', 'Post_490', 'Post_498', 'Post_520', 'Post_523', 'Post_525', 'Post_529', 'Post_543', 'Post_556', 'Post_557', 'Post_574', 'Post_633', 'Post_634', 'Post_643', 'Post_655', 'Post_670', 'Post_725', 'Post_726', 'Post_728', 'Post_741', 'Post_749', 'Post_773', 'Post_778', 'Post_781', 'Post_790', 'Post_794', 'Post_803', 'Post_808', 'Post_824', 'Post_828', 'Post_849', 'Post_852', 'Post_869', 'Post_875', 'Post_884', 'Post_897', 'Post_916', 'Post_959', 'Post_962', 'Post_965', 'Post_970', 'Post_972', 'Post_987', 'Post_990', 'Post_996', 'Post_997', 'Post_1029', 'Post_1048', 'Post_1058', 'Post_1081', 'Post_1094', 'Post_1095', 'Post_1096', 'Post_1103', 'Post_1105', 'Post_1130', 'Post_1132', 'Post_1133', 'Post_1146', 'Post_1148', 'Post_1178', 'Post_1184', 'Post_1202', 'Post_1213', 'Post_1216', 'Post_1219', 'Post_1232']"
Hobby_4,Cocina,La cocina es el arte de preparar alimentos para el consumo.,"['User_1', 'User_6', 'User_17', 'User_22', 'User_23', 'User_25', 'User_32', 'User_55', 'User_60', 'User_68', 'User_69', 'User_71', 'User_96', 'User_99', 'User_101', 'User_135', 'User_162', 'User_163', 'User_218', 'User_221', 'User_223', 'User_232', 'User_246', 'User_262', 'User_264', 'User_273', 'User_277', 'User_285', 'User_291', 'User_308', 'User_314', 'User_315', 'User_322', 'User_323', 'User_340', 'User_343', 'User_346', 'User_357', 'User_363', 'User_367', 'User_380', 'User_390', 'User_394', 'User_398', 'User_401', 'User_410', 'User_419', 'User_423', 'User_438', 'User_447', 'User_450', 'User_460', 'User_462', 'User_485', 'User_487', 'User_490', 'User_508', 'User_511', 'User_512', 'User_522', 'User_531', 'User_539', 'User_548', 'User_565', 'User_570', 'User_574', 'User_587', 'User_615', 'User_634', 'User_658', 'User_668', 'User_673', 'User_678', 'User_680', 'User_688', 'User_701', 'User_704', 'User_708', 'User_713', 'User_726', 'User_730', 'User_732', 'User_737', 'User_740', 'User_748', 'User_757', 'User_759', 'User_772', 'User_781', 'User_784', 'User_793', 'User_800', 'User_806', 'User_807', 'User_808', 'User_830', 'User_847', 'User_869', 'User_900', 'User_901', 'User_906', 'User_919', 'User_928', 'User_930', 'User_935', 'User_940', 'User_960', 'User_961', 'User_970', 'User_971', 'User_977', 'User_983', 'User_989', 'User_997', 'User_999', 'User_1007', 'User_1020', 'User_1043', 'User_1050', 'User_1075', 'User_1080', 'User_1085', 'User_1106', 'User_1119', 'User_1129', 'User_1133', 'User_1137', 'User_1143', 'User_1148', 'User_1150', 'User_1158', 'User_1164', 'User_1169', 'User_1175', 'User_1182', 'User_1190', 'User_1192', 'User_1207', 'User_1234']","['Recetas', 'Técnicas de cocina', 'Ingredientes', 'Cocina internacional', 'Postres']","['Post_0', 'Post_12', 'Post_24', 'Post_43', 'Post_50', 'Post_54', 'Post_55', 'Post_76', 'Post_78', 'Post_95', 'Post_98', 'Post_110', 'Post_118', 'Post_139', 'Post_140', 'Post_151', 'Post_154', 'Post_186', 'Post_197', 'Post_202', 'Post_205', 'Post_207', 'Post_212', 'Post_213', 'Post_216', 'Post_225', 'Post_243', 'Post_244', 'Post_245', 'Post_248', 'Post_266', 'Post_270', 'Post_287', 'Post_290', 'Post_299', 'Post_309', 'Post_353', 'Post_357', 'Post_360', 'Post_370', 'Post_378', 'Post_422', 'Post_423', 'Post_431', 'Post_457', 'Post_465', 'Post_478', 'Post_480', 'Post_486', 'Post_502', 'Post_510', 'Post_515', 'Post_517', 'Post_536', 'Post_538', 'Post_541', 'Post_547', 'Post_554', 'Post_558', 'Post_564', 'Post_569', 'Post_571', 'Post_576', 'Post_583', 'Post_587', 'Post_589', 'Post_592', 'Post_594', 'Post_595', 'Post_602', 'Post_608', 'Post_614', 'Post_627', 'Post_639', 'Post_642', 'Post_669', 'Post_677', 'Post_686', 'Post_695', 'Post_714', 'Post_719', 'Post_747', 'Post_758', 'Post_771', 'Post_799', 'Post_810', 'Post_834', 'Post_848', 'Post_877', 'Post_900', 'Post_907', 'Post_909', 'Post_929', 'Post_940', 'Post_951', 'Post_966', 'Post_969', 'Post_988', 'Post_991', 'Post_999', 'Post_1010', 'Post_1023', 'Post_1031', 'Post_1045', 'Post_1047', 'Post_1051', 'Post_1053', 'Post_1055', 'Post_1057', 'Post_1061', 'Post_1063', 'Post_1065', 'Post_1070', 'Post_1072', 'Post_1075', 'Post_1078', 'Post_1084', 'Post_1099', 'Post_1109', 'Post_1110', 'Post_1113', 'Post_1118', 'Post_1134', 'Post_1140', 'Post_1141', 'Post_1150', 'Post_1158', 'Post_1172', 'Post_1174', 'Post_1177', 'Post_1188', 'Post_1192', 'Post_1194', 'Post_1206', 'Post_1224', 'Post_1230', 'Post_1242']"
Hobby_5,Arte,El arte es una expresión humana creativa que puede manifestarse en diversas formas.,"['User_12', 'User_13', 'User_18', 'User_29', 'User_37', 'User_40', 'User_42', 'User_52', 'User_66', 'User_72', 'User_77', 'User_98', 'User_105', 'User_112', 'User_125', 'User_136', 'User_144', 'User_146', 'User_151', 'User_152', 'User_156', 'User_159', 'User_187', 'User_191', 'User_216', 'User_229', 'User_233', 'User_237', 'User_241', 'User_242', 'User_244', 'User_275', 'User_279', 'User_302', 'User_304', 'User_311', 'User_318', 'User_325', 'User_326', 'User_365', 'User_368', 'User_376', 'User_381', 'User_387', 'User_388', 'User_391', 'User_400', 'User_402', 'User_411', 'User_415', 'User_461', 'User_480', 'User_482', 'User_517', 'User_520', 'User_534', 'User_560', 'User_579', 'User_602', 'User_607', 'User_608', 'User_628', 'User_629', 'User_645', 'User_660', 'User_662', 'User_666', 'User_679', 'User_697', 'User_698', 'User_700', 'User_707', 'User_722', 'User_734', 'User_736', 'User_747', 'User_749', 'User_750', 'User_773', 'User_775', 'User_788', 'User_816', 'User_829', 'User_832', 'User_842', 'User_846', 'User_849', 'User_852', 'User_855', 'User_864', 'User_889', 'User_892', 'User_898', 'User_903', 'User_915', 'User_917', 'User_923', 'User_937', 'User_955', 'User_956', 'User_967', 'User_990', 'User_1010', 'User_1032', 'User_1041', 'User_1060', 'User_1062', 'User_1065', 'User_1078', 'User_1079', 'User_1089', 'User_1103', 'User_1107', 'User_1117', 'User_1140', 'User_1147', 'User_1156', 'User_1173', 'User_1211', 'User_1220', 'User_1221', 'User_1223', 'User_1233', 'User_1235', 'User_1243', 'User_1246', 'User_1247']","['Pintura', 'Escultura', 'Dibujo', 'Fotografía', 'Arte digital']","['Post_13', 'Post_15', 'Post_23', 'Post_36', 'Post_63', 'Post_64', 'Post_65', 'Post_79', 'Post_87', 'Post_96', 'Post_112', 'Post_114', 'Post_122', 'Post_163', 'Post_165', 'Post_177', 'Post_188', 'Post_192', 'Post_206', 'Post_232', 'Post_237', 'Post_250', 'Post_268', 'Post_271', 'Post_278', 'Post_280', 'Post_291', 'Post_311', 'Post_316', 'Post_335', 'Post_359', 'Post_362', 'Post_374', 'Post_382', 'Post_383', 'Post_385', 'Post_392', 'Post_395', 'Post_406', 'Post_415', 'Post_429', 'Post_469', 'Post_472', 'Post_501', 'Post_513', 'Post_549', 'Post_550', 'Post_552', 'Post_559', 'Post_561', 'Post_562', 'Post_565', 'Post_578', 'Post_585', 'Post_586', 'Post_593', 'Post_603', 'Post_605', 'Post_612', 'Post_624', 'Post_628', 'Post_644', 'Post_649', 'Post_654', 'Post_659', 'Post_666', 'Post_678', 'Post_685', 'Post_697', 'Post_699', 'Post_700', 'Post_710', 'Post_713', 'Post_720', 'Post_733', 'Post_744', 'Post_761', 'Post_769', 'Post_775', 'Post_789', 'Post_804', 'Post_832', 'Post_854', 'Post_857', 'Post_858', 'Post_864', 'Post_868', 'Post_893', 'Post_913', 'Post_914', 'Post_925', 'Post_932', 'Post_944', 'Post_948', 'Post_949', 'Post_950', 'Post_954', 'Post_955', 'Post_971', 'Post_976', 'Post_980', 'Post_1002', 'Post_1006', 'Post_1008', 'Post_1026', 'Post_1032', 'Post_1035', 'Post_1044', 'Post_1046', 'Post_1064', 'Post_1068', 'Post_1074', 'Post_1080', 'Post_1083', 'Post_1085', 'Post_1086', 'Post_1115', 'Post_1119', 'Post_1137', 'Post_1147', 'Post_1152', 'Post_1153', 'Post_1162', 'Post_1168', 'Post_1170', 'Post_1175', 'Post_1191', 'Post_1207', 'Post_1218', 'Post_1220', 'Post_1233', 'Post_1245']"
Hobby_6,Videojuegos,Los videojuegos son juegos electrónicos que implican interacción con un dispositivo de usuario.,"['User_0', 'User_16', 'User_24', 'User_27', 'User_31', 'User_33', 'User_34', 'User_43', 'User_44', 'User_78', 'User_91', 'User_104', 'User_107', 'User_109', 'User_120', 'User_161', 'User_167', 'User_175', 'User_180', 'User_208', 'User_210', 'User_222', 'User_235', 'User_248', 'User_258', 'User_261', 'User_265', 'User_284', 'User_286', 'User_287', 'User_299', 'User_303', 'User_307', 'User_312', 'User_329', 'User_337', 'User_344', 'User_355', 'User_383', 'User_395', 'User_396', 'User_407', 'User_408', 'User_416', 'User_427', 'User_441', 'User_443', 'User_444', 'User_448', 'User_459', 'User_471', 'User_479', 'User_484', 'User_514', 'User_518', 'User_525', 'User_528', 'User_530', 'User_532', 'User_545', 'User_550', 'User_551', 'User_553', 'User_555', 'User_559', 'User_562', 'User_581', 'User_583', 'User_620', 'User_621', 'User_622', 'User_623', 'User_626', 'User_639', 'User_644', 'User_647', 'User_650', 'User_652', 'User_674', 'User_690', 'User_712', 'User_720', 'User_724', 'User_728', 'User_745', 'User_753', 'User_763', 'User_778', 'User_782', 'User_794', 'User_798', 'User_803', 'User_805', 'User_809', 'User_817', 'User_824', 'User_841', 'User_878', 'User_881', 'User_882', 'User_884', 'User_890', 'User_894', 'User_921', 'User_948', 'User_950', 'User_958', 'User_968', 'User_976', 'User_978', 'User_979', 'User_991', 'User_993', 'User_994', 'User_1002', 'User_1015', 'User_1017', 'User_1023', 'User_1034', 'User_1047', 'User_1058', 'User_1073', 'User_1074', 'User_1087', 'User_1096', 'User_1102', 'User_1105', 'User_1123', 'User_1130', 'User_1132', 'User_1136', 'User_1145', 'User_1170', 'User_1178', 'User_1185', 'User_1197', 'User_1203', 'User_1218', 'User_1231', 'User_1249']","['Aventura', 'Estrategia', 'Deportes', 'Acción', 'Multijugador']","['Post_28', 'Post_38', 'Post_70', 'Post_86', 'Post_116', 'Post_128', 'Post_132', 'Post_145', 'Post_146', 'Post_152', 'Post_161', 'Post_164', 'Post_166', 'Post_168', 'Post_169', 'Post_172', 'Post_180', 'Post_182', 'Post_200', 'Post_223', 'Post_238', 'Post_239', 'Post_241', 'Post_253', 'Post_256', 'Post_258', 'Post_264', 'Post_281', 'Post_286', 'Post_301', 'Post_306', 'Post_334', 'Post_338', 'Post_355', 'Post_401', 'Post_405', 'Post_413', 'Post_414', 'Post_434', 'Post_439', 'Post_461', 'Post_479', 'Post_482', 'Post_511', 'Post_512', 'Post_555', 'Post_570', 'Post_591', 'Post_597', 'Post_611', 'Post_615', 'Post_616', 'Post_623', 'Post_625', 'Post_626', 'Post_631', 'Post_641', 'Post_646', 'Post_656', 'Post_662', 'Post_667', 'Post_679', 'Post_684', 'Post_687', 'Post_696', 'Post_707', 'Post_711', 'Post_737', 'Post_742', 'Post_751', 'Post_752', 'Post_756', 'Post_770', 'Post_772', 'Post_776', 'Post_779', 'Post_791', 'Post_800', 'Post_809', 'Post_816', 'Post_817', 'Post_820', 'Post_836', 'Post_839', 'Post_840', 'Post_846', 'Post_847', 'Post_855', 'Post_859', 'Post_863', 'Post_876', 'Post_880', 'Post_896', 'Post_902', 'Post_946', 'Post_947', 'Post_964', 'Post_978', 'Post_979', 'Post_982', 'Post_984', 'Post_985', 'Post_992', 'Post_998', 'Post_1009', 'Post_1015', 'Post_1025', 'Post_1036', 'Post_1066', 'Post_1082', 'Post_1098', 'Post_1112', 'Post_1117', 'Post_1122', 'Post_1128', 'Post_1166', 'Post_1208', 'Post_1226', 'Post_1228', 'Post_1231', 'Post_1238', 'Post_1244']"
Hobby_7,Peliculas,Las películas son obras cinematográficas que cuentan historias a través de imágenes en movimiento.,"['User_38', 'User_67', 'User_70', 'User_73', 'User_84', 'User_89', 'User_92', 'User_113', 'User_114', 'User_117', 'User_128', 'User_130', 'User_132', 'User_133', 'User_147', 'User_160', 'User_185', 'User_202', 'User_209', 'User_252', 'User_259', 'User_282', 'User_289', 'User_293', 'User_294', 'User_297', 'User_309', 'User_310', 'User_313', 'User_316', 'User_317', 'User_327', 'User_331', 'User_338', 'User_352', 'User_364', 'User_372', 'User_378', 'User_406', 'User_412', 'User_418', 'User_420', 'User_466', 'User_467', 'User_503', 'User_509', 'User_513', 'User_515', 'User_523', 'User_535', 'User_569', 'User_578', 'User_580', 'User_584', 'User_586', 'User_591', 'User_624', 'User_625', 'User_627', 'User_631', 'User_638', 'User_653', 'User_655', 'User_657', 'User_667', 'User_669', 'User_672', 'User_717', 'User_721', 'User_733', 'User_743', 'User_744', 'User_760', 'User_762', 'User_771', 'User_776', 'User_795', 'User_796', 'User_820', 'User_823', 'User_840', 'User_844', 'User_856', 'User_862', 'User_870', 'User_885', 'User_887', 'User_907', 'User_908', 'User_910', 'User_914', 'User_918', 'User_922', 'User_927', 'User_931', 'User_946', 'User_952', 'User_954', 'User_959', 'User_974', 'User_1001', 'User_1012', 'User_1026', 'User_1030', 'User_1031', 'User_1033', 'User_1048', 'User_1056', 'User_1084', 'User_1090', 'User_1091', 'User_1098', 'User_1104', 'User_1118', 'User_1125', 'User_1127', 'User_1128', 'User_1144', 'User_1172', 'User_1174', 'User_1208', 'User_1212', 'User_1214', 'User_1226', 'User_1227', 'User_1228', 'User_1232', 'User_1240', 'User_1242']","['Drama', 'Comedia', 'Acción', 'Terror', 'Ciencia ficción']","['Post_14', 'Post_17', 'Post_30', 'Post_34', 'Post_51', 'Post_59', 'Post_75', 'Post_88', 'Post_91', 'Post_99', 'Post_101', 'Post_106', 'Post_130', 'Post_143', 'Post_148', 'Post_155', 'Post_178', 'Post_201', 'Post_215', 'Post_229', 'Post_247', 'Post_249', 'Post_255', 'Post_257', 'Post_260', 'Post_283', 'Post_285', 'Post_303', 'Post_304', 'Post_326', 'Post_327', 'Post_330', 'Post_333', 'Post_337', 'Post_343', 'Post_345', 'Post_352', 'Post_356', 'Post_366', 'Post_371', 'Post_373', 'Post_375', 'Post_403', 'Post_432', 'Post_442', 'Post_454', 'Post_477', 'Post_481', 'Post_489', 'Post_491', 'Post_494', 'Post_496', 'Post_504', 'Post_506', 'Post_516', 'Post_518', 'Post_551', 'Post_581', 'Post_588', 'Post_636', 'Post_648', 'Post_664', 'Post_688', 'Post_706', 'Post_730', 'Post_732', 'Post_754', 'Post_760', 'Post_763', 'Post_765', 'Post_786', 'Post_787', 'Post_802', 'Post_819', 'Post_826', 'Post_833', 'Post_837', 'Post_845', 'Post_862', 'Post_867', 'Post_879', 'Post_892', 'Post_895', 'Post_906', 'Post_919', 'Post_930', 'Post_975', 'Post_1012', 'Post_1013', 'Post_1018', 'Post_1042', 'Post_1062', 'Post_1077', 'Post_1089', 'Post_1121', 'Post_1125', 'Post_1131', 'Post_1159', 'Post_1169', 'Post_1179', 'Post_1185', 'Post_1212', 'Post_1217', 'Post_1223', 'Post_1234', 'Post_1237', 'Post_1239', 'Post_1249']"
Hobby_8,Tecnología,La tecnología se refiere al conjunto de conocimientos y herramientas que se utilizan para crear productos y procesos.,"['User_19', 'User_30', 'User_36', 'User_39', 'User_49', 'User_57', 'User_74', 'User_75', 'User_79', 'User_81', 'User_85', 'User_86', 'User_87', 'User_88', 'User_94', 'User_102', 'User_108', 'User_118', 'User_127', 'User_134', 'User_150', 'User_154', 'User_178', 'User_186', 'User_190', 'User_198', 'User_207', 'User_212', 'User_213', 'User_238', 'User_240', 'User_250', 'User_251', 'User_254', 'User_257', 'User_283', 'User_300', 'User_332', 'User_333', 'User_342', 'User_353', 'User_361', 'User_366', 'User_373', 'User_393', 'User_445', 'User_458', 'User_468', 'User_474', 'User_493', 'User_502', 'User_505', 'User_510', 'User_536', 'User_541', 'User_552', 'User_556', 'User_561', 'User_567', 'User_572', 'User_575', 'User_590', 'User_632', 'User_636', 'User_637', 'User_640', 'User_649', 'User_675', 'User_676', 'User_682', 'User_683', 'User_685', 'User_687', 'User_689', 'User_692', 'User_699', 'User_702', 'User_710', 'User_711', 'User_716', 'User_735', 'User_739', 'User_761', 'User_779', 'User_780', 'User_783', 'User_785', 'User_812', 'User_819', 'User_833', 'User_838', 'User_843', 'User_851', 'User_854', 'User_871', 'User_873', 'User_895', 'User_902', 'User_911', 'User_932', 'User_965', 'User_973', 'User_982', 'User_1014', 'User_1018', 'User_1022', 'User_1025', 'User_1029', 'User_1037', 'User_1042', 'User_1046', 'User_1061', 'User_1063', 'User_1064', 'User_1071', 'User_1072', 'User_1076', 'User_1082', 'User_1109', 'User_1114', 'User_1115', 'User_1116', 'User_1121', 'User_1124', 'User_1126', 'User_1131', 'User_1151', 'User_1152', 'User_1157', 'User_1162', 'User_1177', 'User_1181', 'User_1194', 'User_1195', 'User_1199', 'User_1201', 'User_1205', 'User_1215', 'User_1217']","['Programación', 'Tecnología móvil', 'Desarrollo web', 'Inteligencia artificial', 'Ciberseguridad']","['Post_6', 'Post_11', 'Post_25', 'Post_39', 'Post_47', 'Post_58', 'Post_67', 'Post_68', 'Post_71', 'Post_82', 'Post_93', 'Post_119', 'Post_123', 'Post_134', 'Post_162', 'Post_170', 'Post_173', 'Post_210', 'Post_220', 'Post_231', 'Post_236', 'Post_288', 'Post_292', 'Post_297', 'Post_305', 'Post_318', 'Post_321', 'Post_342', 'Post_344', 'Post_348', 'Post_377', 'Post_384', 'Post_390', 'Post_399', 'Post_400', 'Post_412', 'Post_420', 'Post_425', 'Post_449', 'Post_455', 'Post_458', 'Post_464', 'Post_466', 'Post_476', 'Post_497', 'Post_521', 'Post_532', 'Post_533', 'Post_535', 'Post_537', 'Post_548', 'Post_566', 'Post_567', 'Post_577', 'Post_596', 'Post_599', 'Post_620', 'Post_630', 'Post_645', 'Post_647', 'Post_657', 'Post_668', 'Post_673', 'Post_674', 'Post_690', 'Post_703', 'Post_708', 'Post_712', 'Post_716', 'Post_722', 'Post_734', 'Post_735', 'Post_736', 'Post_764', 'Post_766', 'Post_788', 'Post_797', 'Post_798', 'Post_805', 'Post_814', 'Post_825', 'Post_827', 'Post_831', 'Post_838', 'Post_856', 'Post_873', 'Post_881', 'Post_883', 'Post_889', 'Post_901', 'Post_904', 'Post_911', 'Post_922', 'Post_934', 'Post_938', 'Post_945', 'Post_983', 'Post_1007', 'Post_1017', 'Post_1019', 'Post_1021', 'Post_1034', 'Post_1039', 'Post_1040', 'Post_1043', 'Post_1050', 'Post_1054', 'Post_1092', 'Post_1100', 'Post_1104', 'Post_1107', 'Post_1124', 'Post_1136', 'Post_1144', 'Post_1145', 'Post_1149', 'Post_1163', 'Post_1181', 'Post_1203', 'Post_1205', 'Post_1210', 'Post_1236', 'Post_1241', 'Post_1243', 'Post_1248']"
Hobby_9,Ciencia,La ciencia es el estudio sistemático de la naturaleza y el universo mediante la observación y experimentación.,"['User_9', 'User_11', 'User_20', 'User_35', 'User_45', 'User_51', 'User_62', 'User_82', 'User_106', 'User_115', 'User_126', 'User_149', 'User_158', 'User_166', 'User_172', 'User_176', 'User_183', 'User_196', 'User_211', 'User_224', 'User_228', 'User_234', 'User_239', 'User_243', 'User_247', 'User_263', 'User_268', 'User_271', 'User_274', 'User_280', 'User_296', 'User_330', 'User_358', 'User_379', 'User_405', 'User_414', 'User_421', 'User_434', 'User_435', 'User_437', 'User_446', 'User_469', 'User_472', 'User_473', 'User_475', 'User_476', 'User_488', 'User_500', 'User_527', 'User_542', 'User_554', 'User_558', 'User_573', 'User_585', 'User_595', 'User_596', 'User_598', 'User_601', 'User_606', 'User_618', 'User_648', 'User_659', 'User_665', 'User_681', 'User_695', 'User_714', 'User_729', 'User_738', 'User_752', 'User_766', 'User_767', 'User_774', 'User_799', 'User_804', 'User_818', 'User_822', 'User_836', 'User_848', 'User_850', 'User_875', 'User_876', 'User_888', 'User_893', 'User_905', 'User_924', 'User_936', 'User_941', 'User_972', 'User_984', 'User_992', 'User_998', 'User_1005', 'User_1008', 'User_1035', 'User_1038', 'User_1040', 'User_1051', 'User_1053', 'User_1067', 'User_1110', 'User_1111', 'User_1122', 'User_1141', 'User_1142', 'User_1160', 'User_1161', 'User_1167', 'User_1188', 'User_1191', 'User_1196', 'User_1206', 'User_1213', 'User_1224', 'User_1225', 'User_1229', 'User_1236', 'User_1241']","['Física', 'Química', 'Biología', 'Astronomía', 'Medicina']","['Post_5', 'Post_21', 'Post_22', 'Post_33', 'Post_61', 'Post_62', 'Post_66', 'Post_77', 'Post_89', 'Post_103', 'Post_107', 'Post_111', 'Post_113', 'Post_121', 'Post_124', 'Post_125', 'Post_126', 'Post_131', 'Post_136', 'Post_144', 'Post_176', 'Post_179', 'Post_181', 'Post_183', 'Post_208', 'Post_217', 'Post_221', 'Post_227', 'Post_234', 'Post_277', 'Post_295', 'Post_298', 'Post_314', 'Post_315', 'Post_319', 'Post_320', 'Post_325', 'Post_358', 'Post_368', 'Post_387', 'Post_389', 'Post_396', 'Post_398', 'Post_409', 'Post_411', 'Post_421', 'Post_438', 'Post_445', 'Post_447', 'Post_448', 'Post_451', 'Post_470', 'Post_488', 'Post_495', 'Post_503', 'Post_505', 'Post_524', 'Post_527', 'Post_528', 'Post_542', 'Post_546', 'Post_553', 'Post_563', 'Post_568', 'Post_573', 'Post_575', 'Post_590', 'Post_598', 'Post_613', 'Post_617', 'Post_635', 'Post_650', 'Post_676', 'Post_681', 'Post_689', 'Post_702', 'Post_715', 'Post_738', 'Post_739', 'Post_745', 'Post_759', 'Post_793', 'Post_796', 'Post_850', 'Post_871', 'Post_874', 'Post_903', 'Post_917', 'Post_920', 'Post_926', 'Post_928', 'Post_941', 'Post_953', 'Post_957', 'Post_974', 'Post_1001', 'Post_1014', 'Post_1030', 'Post_1037', 'Post_1111', 'Post_1116', 'Post_1127', 'Post_1138', 'Post_1139', 'Post_1142', 'Post_1154', 'Post_1164', 'Post_1165', 'Post_1173', 'Post_1183', 'Post_1196', 'Post_1198', 'Post_1209', 'Post_1215', 'Post_1225', 'Post_1246']"
